<?xml version="1.0" encoding="UTF-8"?>
<alto xmlns:xsi="http://www.w3.org/2001/XMLSchema-instance" xsi:noNamespaceSchemaLocation="http://www.bl.uk/schemas/alto/alto-1-4.xsd" xmlns:xlink="http://www.w3.org/1999/xlink">
	<Description>
		<MeasurementUnit>mm10</MeasurementUnit>
		<sourceImageInformation>
			<fileName>//head1/IN/2008-27/A0011786497.9/002413.jp2</fileName>
		</sourceImageInformation>
		<OCRProcessing ID="OCRPROCESSING_1">
			<preProcessingStep>
				<processingSoftware>
					<softwareCreator>CCS Content Conversion Specialists GmbH, Germany</softwareCreator>
					<softwareName>CCS docWORKS</softwareName>
					<softwareVersion>6.1-0.67</softwareVersion>
				</processingSoftware>
			</preProcessingStep>
			<ocrProcessingStep>
				<processingSoftware>
					<softwareCreator>ABBYY (BIT Software), Russia</softwareCreator>
					<softwareName>Finereader</softwareName>
				</processingSoftware>
			</ocrProcessingStep>
		</OCRProcessing>
	</Description>
	<Styles>
		<TextStyle ID="TXT_0" FONTSIZE="9" FONTFAMILY="Courier New"/>
		<TextStyle ID="TXT_1" FONTSIZE="10" FONTFAMILY="Courier New"/>
		<ParagraphStyle ID="PAR_CENTER" ALIGN="Center"/>
		<ParagraphStyle ID="PAR_RIGHT" ALIGN="Right"/>
		<ParagraphStyle ID="PAR_LEFT" ALIGN="Left"/>
	</Styles>
	<Layout>
		<Page ID="P303" PHYSICAL_IMG_NR="303" HEIGHT="2681" WIDTH="1699" PRINTED_IMG_NR="293" POSITION="Right" ACCURACY="76.36">
			<TopMargin ID="P303_TM00001" HPOS="0" VPOS="0" WIDTH="1699" HEIGHT="138">
				<TextBlock ID="P303_TB00001" HPOS="596" VPOS="102" WIDTH="490" HEIGHT="31" STYLEREFS="TXT_0 PAR_CENTER">
					<TextLine ID="P303_TL00001" HPOS="597" VPOS="102" WIDTH="489" HEIGHT="31">
						<String ID="P303_ST00001" HPOS="597" VPOS="106" WIDTH="51" HEIGHT="27" CONTENT="DE" WC="0.66" CC="60"/>
						<SP ID="P303_SP00001" HPOS="648" VPOS="133" WIDTH="22"/>
						<String ID="P303_ST00002" HPOS="670" VPOS="102" WIDTH="416" HEIGHT="31" CONTENT="LIOE-KIOE-ARCHIPEL." WC="0.81" CC="6420002500006600000"/>
					</TextLine>
				</TextBlock>
				<TextBlock ID="P303_TB00002" HPOS="1534" VPOS="105" WIDTH="58" HEIGHT="31" STYLEREFS="TXT_1 PAR_RIGHT">
					<TextLine ID="P303_TL00002" HPOS="1534" VPOS="105" WIDTH="58" HEIGHT="31">
						<String ID="P303_ST00003" HPOS="1534" VPOS="105" WIDTH="58" HEIGHT="31" CONTENT="293" WC="0.98" CC="000"/>
					</TextLine>
				</TextBlock>
			</TopMargin>
			<LeftMargin ID="P303_LM00001" HPOS="0" VPOS="138" WIDTH="84" HEIGHT="1638"/>
			<RightMargin ID="P303_RM00001" HPOS="1592" VPOS="138" WIDTH="107" HEIGHT="1638"/>
			<BottomMargin ID="P303_BM00001" HPOS="0" VPOS="1776" WIDTH="1699" HEIGHT="905"/>
			<PrintSpace ID="P303_PS00001" HPOS="84" VPOS="138" WIDTH="1508" HEIGHT="1638">
				<TextBlock ID="P303_TB00003" HPOS="871" VPOS="193" WIDTH="719" HEIGHT="270" STYLEREFS="TXT_0 PAR_LEFT">
					<TextLine ID="P303_TL00003" HPOS="875" VPOS="194" WIDTH="715" HEIGHT="31">
						<String ID="P303_ST00004" HPOS="875" VPOS="194" WIDTH="122" HEIGHT="25" CONTENT="schouwd" WC="0.79" CC="4030500"/>
						<SP ID="P303_SP00002" HPOS="997" VPOS="219" WIDTH="10"/>
						<String ID="P303_ST00005" HPOS="1007" VPOS="214" WIDTH="6" HEIGHT="11" CONTENT="," WC="1.00" CC="0"/>
						<SP ID="P303_SP00003" HPOS="1013" VPOS="225" WIDTH="18"/>
						<String ID="P303_ST00006" HPOS="1031" VPOS="196" WIDTH="43" HEIGHT="24" CONTENT="dat" WC="0.36" CC="099"/>
						<SP ID="P303_SP00004" HPOS="1074" VPOS="225" WIDTH="17"/>
						<String ID="P303_ST00007" HPOS="1091" VPOS="203" WIDTH="47" HEIGHT="17" CONTENT="aan" WC="0.48" CC="905"/>
						<SP ID="P303_SP00005" HPOS="1138" VPOS="225" WIDTH="19"/>
						<String ID="P303_ST00008" HPOS="1157" VPOS="197" WIDTH="42" HEIGHT="23" CONTENT="het" WC="0.59" CC="605"/>
						<SP ID="P303_SP00006" HPOS="1199" VPOS="225" WIDTH="12"/>
						<String ID="P303_ST00009" HPOS="1211" VPOS="196" WIDTH="72" HEIGHT="24" CONTENT="einde" WC="0.88" CC="05000"/>
						<SP ID="P303_SP00007" HPOS="1283" VPOS="225" WIDTH="13"/>
						<String ID="P303_ST00010" HPOS="1296" VPOS="203" WIDTH="48" HEIGHT="17" CONTENT="van" WC="1.00" CC="000"/>
						<SP ID="P303_SP00008" HPOS="1344" VPOS="225" WIDTH="17"/>
						<String ID="P303_ST00011" HPOS="1361" VPOS="196" WIDTH="46" HEIGHT="23" CONTENT="den" WC="0.71" CC="800"/>
						<SP ID="P303_SP00009" HPOS="1407" VPOS="225" WIDTH="13"/>
						<String ID="P303_ST00012" HPOS="1420" VPOS="195" WIDTH="57" HEIGHT="24" CONTENT="dam" WC="1.00" CC="000"/>
						<SP ID="P303_SP00010" HPOS="1477" VPOS="225" WIDTH="11"/>
						<String ID="P303_ST00013" HPOS="1488" VPOS="196" WIDTH="102" HEIGHT="29" CONTENT="Foemai," WC="0.96" CC="0000002"/>
					</TextLine>
					<TextLine ID="P303_TL00004" HPOS="871" VPOS="233" WIDTH="719" HEIGHT="35">
						<String ID="P303_ST00014" HPOS="871" VPOS="233" WIDTH="63" HEIGHT="31" CONTENT="juist" WC="0.55" CC="05546"/>
						<SP ID="P303_SP00011" HPOS="934" VPOS="264" WIDTH="18"/>
						<String ID="P303_ST00015" HPOS="952" VPOS="242" WIDTH="70" HEIGHT="16" CONTENT="waar" WC="0.55" CC="0079"/>
						<SP ID="P303_SP00012" HPOS="1022" VPOS="264" WIDTH="19"/>
						<String ID="P303_ST00016" HPOS="1041" VPOS="244" WIDTH="54" HEIGHT="15" CONTENT="men" WC="0.54" CC="561"/>
						<SP ID="P303_SP00013" HPOS="1095" VPOS="264" WIDTH="13"/>
						<String ID="P303_ST00017" HPOS="1108" VPOS="244" WIDTH="104" HEIGHT="24" CONTENT="vroeger" WC="0.72" CC="5003009"/>
						<SP ID="P303_SP00014" HPOS="1212" VPOS="268" WIDTH="13"/>
						<String ID="P303_ST00018" HPOS="1225" VPOS="236" WIDTH="30" HEIGHT="24" CONTENT="de" WC="0.89" CC="02"/>
						<SP ID="P303_SP00015" HPOS="1255" VPOS="268" WIDTH="9"/>
						<String ID="P303_ST00019" HPOS="1264" VPOS="244" WIDTH="61" HEIGHT="16" CONTENT="naar" WC="0.67" CC="0903"/>
						<SP ID="P303_SP00016" HPOS="1325" VPOS="268" WIDTH="12"/>
						<String ID="P303_ST00020" HPOS="1337" VPOS="236" WIDTH="123" HEIGHT="23" CONTENT="Lioe-kioe" WC="0.90" CC="004000400"/>
						<SP ID="P303_SP00017" HPOS="1460" VPOS="268" WIDTH="9"/>
						<String ID="P303_ST00021" HPOS="1469" VPOS="235" WIDTH="121" HEIGHT="24" CONTENT="komende" WC="0.84" CC="0000604"/>
					</TextLine>
					<TextLine ID="P303_TL00005" HPOS="875" VPOS="273" WIDTH="715" HEIGHT="35">
						<String ID="P303_ST00022" HPOS="875" VPOS="273" WIDTH="144" HEIGHT="31" CONTENT="Europeërs" WC="0.73" CC="005060037"/>
						<SP ID="P303_SP00018" HPOS="1019" VPOS="304" WIDTH="19"/>
						<String ID="P303_ST00023" HPOS="1038" VPOS="275" WIDTH="42" HEIGHT="24" CONTENT="liet" WC="0.41" CC="7717"/>
						<SP ID="P303_SP00019" HPOS="1080" VPOS="304" WIDTH="18"/>
						<String ID="P303_ST00024" HPOS="1098" VPOS="276" WIDTH="101" HEIGHT="30" CONTENT="landen," WC="0.72" CC="3070070"/>
						<SP ID="P303_SP00020" HPOS="1199" VPOS="306" WIDTH="21"/>
						<String ID="P303_ST00025" HPOS="1220" VPOS="284" WIDTH="45" HEIGHT="16" CONTENT="een" WC="0.54" CC="516"/>
						<SP ID="P303_SP00021" HPOS="1265" VPOS="306" WIDTH="20"/>
						<String ID="P303_ST00026" HPOS="1285" VPOS="276" WIDTH="69" HEIGHT="24" CONTENT="kruis" WC="0.57" CC="03557"/>
						<SP ID="P303_SP00022" HPOS="1354" VPOS="306" WIDTH="18"/>
						<String ID="P303_ST00027" HPOS="1372" VPOS="284" WIDTH="31" HEIGHT="24" CONTENT="op" WC="0.80" CC="40"/>
						<SP ID="P303_SP00023" HPOS="1403" VPOS="308" WIDTH="21"/>
						<String ID="P303_ST00028" HPOS="1424" VPOS="283" WIDTH="77" HEIGHT="16" CONTENT="eenen" WC="0.86" CC="02202"/>
						<SP ID="P303_SP00024" HPOS="1501" VPOS="308" WIDTH="21"/>
						<String ID="P303_ST00029" HPOS="1522" VPOS="279" WIDTH="68" HEIGHT="19" CONTENT="steen" WC="0.74" CC="60006"/>
					</TextLine>
					<TextLine ID="P303_TL00006" HPOS="873" VPOS="313" WIDTH="715" HEIGHT="35">
						<String ID="P303_ST00030" HPOS="873" VPOS="313" WIDTH="21" HEIGHT="23" CONTENT="is" WC="0.42" CC="64"/>
						<String ID="P303_ST00031" HPOS="900" VPOS="331" WIDTH="5" HEIGHT="13" CONTENT="," WC="0.24" CC="7"/>
						<SP ID="P303_SP00025" HPOS="905" VPOS="344" WIDTH="10"/>
						<String ID="P303_ST00032" HPOS="915" VPOS="314" WIDTH="176" HEIGHT="31" CONTENT="uitgehouwen" WC="0.65" CC="36504704005"/>
						<SP ID="P303_SP00026" HPOS="1091" VPOS="345" WIDTH="10"/>
						<String ID="P303_ST00033" HPOS="1101" VPOS="334" WIDTH="6" HEIGHT="12" CONTENT="," WC="1.00" CC="0"/>
						<SP ID="P303_SP00027" HPOS="1107" VPOS="346" WIDTH="24"/>
						<String ID="P303_ST00034" HPOS="1131" VPOS="324" WIDTH="40" HEIGHT="16" CONTENT="om" WC="0.45" CC="46"/>
						<SP ID="P303_SP00028" HPOS="1171" VPOS="346" WIDTH="19"/>
						<String ID="P303_ST00035" HPOS="1190" VPOS="324" WIDTH="28" HEIGHT="16" CONTENT="er" WC="0.92" CC="10"/>
						<SP ID="P303_SP00029" HPOS="1218" VPOS="346" WIDTH="10"/>
						<String ID="P303_ST00036" HPOS="1228" VPOS="319" WIDTH="49" HEIGHT="21" CONTENT="met" WC="0.80" CC="005"/>
						<SP ID="P303_SP00030" HPOS="1277" VPOS="346" WIDTH="11"/>
						<String ID="P303_ST00037" HPOS="1288" VPOS="317" WIDTH="29" HEIGHT="24" CONTENT="de" WC="1.00" CC="00"/>
						<SP ID="P303_SP00031" HPOS="1317" VPOS="346" WIDTH="17"/>
						<String ID="P303_ST00038" HPOS="1334" VPOS="320" WIDTH="89" HEIGHT="20" CONTENT="voeten" WC="0.77" CC="010407"/>
						<SP ID="P303_SP00032" HPOS="1423" VPOS="346" WIDTH="10"/>
						<String ID="P303_ST00039" HPOS="1433" VPOS="315" WIDTH="119" HEIGHT="33" CONTENT="getreden" WC="0.78" CC="00030903"/>
						<SP ID="P303_SP00033" HPOS="1552" VPOS="348" WIDTH="12"/>
						<String ID="P303_ST00040" HPOS="1564" VPOS="319" WIDTH="24" HEIGHT="20" CONTENT="te" WC="1.00" CC="00"/>
					</TextLine>
					<TextLine ID="P303_TL00007" HPOS="873" VPOS="354" WIDTH="717" HEIGHT="35">
						<String ID="P303_ST00041" HPOS="873" VPOS="354" WIDTH="116" HEIGHT="31" CONTENT="worden," WC="0.91" CC="0100040"/>
						<SP ID="P303_SP00034" HPOS="989" VPOS="385" WIDTH="19"/>
						<String ID="P303_ST00042" HPOS="1008" VPOS="363" WIDTH="59" HEIGHT="16" CONTENT="eene" WC="0.79" CC="1060"/>
						<SP ID="P303_SP00035" HPOS="1067" VPOS="385" WIDTH="19"/>
						<String ID="P303_ST00043" HPOS="1086" VPOS="356" WIDTH="185" HEIGHT="32" CONTENT="afschuwelijke" WC="0.67" CC="4970700063003"/>
						<SP ID="P303_SP00036" HPOS="1271" VPOS="388" WIDTH="20"/>
						<String ID="P303_ST00044" HPOS="1291" VPOS="360" WIDTH="144" HEIGHT="29" CONTENT="gewoonte," WC="0.80" CC="240017010"/>
						<SP ID="P303_SP00037" HPOS="1435" VPOS="389" WIDTH="19"/>
						<String ID="P303_ST00045" HPOS="1454" VPOS="356" WIDTH="39" HEIGHT="24" CONTENT="die" WC="0.97" CC="000"/>
						<SP ID="P303_SP00038" HPOS="1493" VPOS="389" WIDTH="22"/>
						<String ID="P303_ST00046" HPOS="1515" VPOS="355" WIDTH="75" HEIGHT="32" CONTENT="gelijk" WC="0.84" CC="006200"/>
					</TextLine>
					<TextLine ID="P303_TL00008" HPOS="873" VPOS="392" WIDTH="715" HEIGHT="36">
						<String ID="P303_ST00047" HPOS="873" VPOS="392" WIDTH="98" HEIGHT="26" CONTENT="bekend" WC="0.87" CC="600010"/>
						<SP ID="P303_SP00039" HPOS="971" VPOS="418" WIDTH="16"/>
						<String ID="P303_ST00048" HPOS="987" VPOS="395" WIDTH="21" HEIGHT="23" CONTENT="is" WC="0.51" CC="45"/>
						<SP ID="P303_SP00040" HPOS="1008" VPOS="418" WIDTH="23"/>
						<String ID="P303_ST00049" HPOS="1031" VPOS="396" WIDTH="51" HEIGHT="23" CONTENT="niet" WC="0.56" CC="7009"/>
						<SP ID="P303_SP00041" HPOS="1082" VPOS="419" WIDTH="20"/>
						<String ID="P303_ST00050" HPOS="1102" VPOS="404" WIDTH="48" HEIGHT="15" CONTENT="van" WC="0.59" CC="092"/>
						<SP ID="P303_SP00042" HPOS="1150" VPOS="419" WIDTH="27"/>
						<String ID="P303_ST00051" HPOS="1177" VPOS="396" WIDTH="76" HEIGHT="25" CONTENT="China" WC="0.67" CC="63050"/>
						<SP ID="P303_SP00043" HPOS="1253" VPOS="421" WIDTH="17"/>
						<String ID="P303_ST00052" HPOS="1270" VPOS="397" WIDTH="49" HEIGHT="24" CONTENT="kon" WC="0.88" CC="003"/>
						<SP ID="P303_SP00044" HPOS="1319" VPOS="421" WIDTH="16"/>
						<String ID="P303_ST00053" HPOS="1335" VPOS="397" WIDTH="115" HEIGHT="31" CONTENT="uitgaan," WC="0.84" CC="40400201"/>
						<SP ID="P303_SP00045" HPOS="1450" VPOS="428" WIDTH="15"/>
						<String ID="P303_ST00054" HPOS="1465" VPOS="404" WIDTH="69" HEIGHT="16" CONTENT="maar" WC="0.71" CC="0523"/>
						<SP ID="P303_SP00046" HPOS="1534" VPOS="428" WIDTH="21"/>
						<String ID="P303_ST00055" HPOS="1555" VPOS="396" WIDTH="33" HEIGHT="24" CONTENT="al" SUBS_TYPE="HypPart1" SUBS_CONTENT="alleen" WC="1.00" CC="000"/>
						<HYP CONTENT="-"/>
					</TextLine>
					<TextLine ID="P303_TL00009" HPOS="872" VPOS="432" WIDTH="334" HEIGHT="31">
						<String ID="P303_ST00056" HPOS="872" VPOS="432" WIDTH="54" HEIGHT="25" CONTENT="leen" SUBS_TYPE="HypPart2" SUBS_CONTENT="alleen" WC="0.90" CC="4000"/>
						<SP ID="P303_SP00047" HPOS="926" VPOS="457" WIDTH="17"/>
						<String ID="P303_ST00057" HPOS="943" VPOS="441" WIDTH="48" HEIGHT="17" CONTENT="van" WC="0.77" CC="006"/>
						<SP ID="P303_SP00048" HPOS="991" VPOS="458" WIDTH="20"/>
						<String ID="P303_ST00058" HPOS="1011" VPOS="435" WIDTH="82" HEIGHT="28" CONTENT="Japan" WC="0.70" CC="05090"/>
						<SP ID="P303_SP00049" HPOS="1093" VPOS="463" WIDTH="17"/>
						<String ID="P303_ST00059" HPOS="1110" VPOS="435" WIDTH="96" HEIGHT="25" CONTENT="komen." WC="0.91" CC="002020"/>
					</TextLine>
				</TextBlock>
				<TextBlock ID="P303_TB00004" HPOS="84" VPOS="195" WIDTH="721" HEIGHT="1062" STYLEREFS="TXT_0 PAR_LEFT">
					<TextLine ID="P303_TL00010" HPOS="89" VPOS="196" WIDTH="715" HEIGHT="29">
						<String ID="P303_ST00060" HPOS="89" VPOS="197" WIDTH="30" HEIGHT="23" CONTENT="de" WC="1.00" CC="00"/>
						<SP ID="P303_SP00050" HPOS="119" VPOS="220" WIDTH="24"/>
						<String ID="P303_ST00061" HPOS="143" VPOS="196" WIDTH="87" HEIGHT="24" CONTENT="steden" WC="0.83" CC="300006"/>
						<SP ID="P303_SP00051" HPOS="230" VPOS="220" WIDTH="24"/>
						<String ID="P303_ST00062" HPOS="254" VPOS="204" WIDTH="31" HEIGHT="16" CONTENT="en" WC="0.67" CC="06"/>
						<SP ID="P303_SP00052" HPOS="285" VPOS="220" WIDTH="22"/>
						<String ID="P303_ST00063" HPOS="307" VPOS="197" WIDTH="105" HEIGHT="24" CONTENT="vlekken" WC="0.74" CC="0506060"/>
						<SP ID="P303_SP00053" HPOS="412" VPOS="221" WIDTH="22"/>
						<String ID="P303_ST00064" HPOS="434" VPOS="198" WIDTH="132" HEIGHT="24" CONTENT="chinesche" WC="0.76" CC="073005050"/>
						<SP ID="P303_SP00054" HPOS="566" VPOS="222" WIDTH="20"/>
						<String ID="P303_ST00065" HPOS="586" VPOS="205" WIDTH="86" HEIGHT="16" CONTENT="namen" WC="0.81" CC="70001"/>
						<SP ID="P303_SP00055" HPOS="672" VPOS="222" WIDTH="20"/>
						<String ID="P303_ST00066" HPOS="692" VPOS="196" WIDTH="97" HEIGHT="24" CONTENT="hebben" WC="0.60" CC="707602"/>
						<String ID="P303_ST00067" HPOS="798" VPOS="213" WIDTH="6" HEIGHT="12" CONTENT="," WC="1.00" CC="0"/>
					</TextLine>
					<TextLine ID="P303_TL00011" HPOS="87" VPOS="236" WIDTH="718" HEIGHT="33">
						<String ID="P303_ST00068" HPOS="87" VPOS="236" WIDTH="119" HEIGHT="32" CONTENT="gebruikt" WC="0.72" CC="00022565"/>
						<SP ID="P303_SP00056" HPOS="206" VPOS="268" WIDTH="27"/>
						<String ID="P303_ST00069" HPOS="233" VPOS="244" WIDTH="57" HEIGHT="16" CONTENT="men" WC="0.93" CC="002"/>
						<SP ID="P303_SP00057" HPOS="290" VPOS="268" WIDTH="27"/>
						<String ID="P303_ST00070" HPOS="317" VPOS="237" WIDTH="59" HEIGHT="24" CONTENT="deze" WC="1.00" CC="0000"/>
						<SP ID="P303_SP00058" HPOS="376" VPOS="268" WIDTH="29"/>
						<String ID="P303_ST00071" HPOS="405" VPOS="237" WIDTH="91" HEIGHT="25" CONTENT="slechts" WC="0.57" CC="5602707"/>
						<SP ID="P303_SP00059" HPOS="496" VPOS="268" WIDTH="30"/>
						<String ID="P303_ST00072" HPOS="526" VPOS="241" WIDTH="134" HEIGHT="28" CONTENT="tegenover" WC="0.74" CC="009061005"/>
						<SP ID="P303_SP00060" HPOS="660" VPOS="269" WIDTH="23"/>
						<String ID="P303_ST00073" HPOS="683" VPOS="236" WIDTH="74" HEIGHT="24" CONTENT="China" WC="0.76" CC="70040"/>
						<SP ID="P303_SP00061" HPOS="757" VPOS="269" WIDTH="19"/>
						<String ID="P303_ST00074" HPOS="776" VPOS="243" WIDTH="29" HEIGHT="15" CONTENT="en" WC="0.69" CC="06"/>
					</TextLine>
					<TextLine ID="P303_TL00012" HPOS="88" VPOS="275" WIDTH="717" HEIGHT="34">
						<String ID="P303_ST00075" HPOS="88" VPOS="276" WIDTH="30" HEIGHT="24" CONTENT="de" WC="0.75" CC="04"/>
						<SP ID="P303_SP00062" HPOS="118" VPOS="300" WIDTH="12"/>
						<String ID="P303_ST00076" HPOS="130" VPOS="276" WIDTH="158" HEIGHT="32" CONTENT="Europeërs;" WC="0.76" CC="4200000545"/>
						<SP ID="P303_SP00063" HPOS="288" VPOS="308" WIDTH="15"/>
						<String ID="P303_ST00077" HPOS="303" VPOS="277" WIDTH="30" HEIGHT="24" CONTENT="de" WC="1.00" CC="00"/>
						<SP ID="P303_SP00064" HPOS="333" VPOS="308" WIDTH="11"/>
						<String ID="P303_ST00078" HPOS="344" VPOS="277" WIDTH="138" HEIGHT="32" CONTENT="japansche" WC="0.56" CC="098710470"/>
						<SP ID="P303_SP00065" HPOS="482" VPOS="309" WIDTH="20"/>
						<String ID="P303_ST00079" HPOS="502" VPOS="285" WIDTH="86" HEIGHT="17" CONTENT="namen" WC="0.71" CC="80005"/>
						<SP ID="P303_SP00066" HPOS="588" VPOS="309" WIDTH="11"/>
						<String ID="P303_ST00080" HPOS="599" VPOS="276" WIDTH="49" HEIGHT="31" CONTENT="zijn" WC="0.55" CC="2617"/>
						<SP ID="P303_SP00067" HPOS="648" VPOS="309" WIDTH="12"/>
						<String ID="P303_ST00081" HPOS="660" VPOS="276" WIDTH="30" HEIGHT="23" CONTENT="de" WC="0.66" CC="24"/>
						<SP ID="P303_SP00068" HPOS="690" VPOS="309" WIDTH="14"/>
						<String ID="P303_ST00082" HPOS="704" VPOS="275" WIDTH="101" HEIGHT="31" CONTENT="eenigen" WC="0.83" CC="0160003"/>
					</TextLine>
					<TextLine ID="P303_TL00013" HPOS="88" VPOS="315" WIDTH="717" HEIGHT="26">
						<String ID="P303_ST00083" HPOS="88" VPOS="316" WIDTH="81" HEIGHT="24" CONTENT="welke" WC="0.79" CC="52002"/>
						<SP ID="P303_SP00069" HPOS="169" VPOS="340" WIDTH="30"/>
						<String ID="P303_ST00084" HPOS="199" VPOS="317" WIDTH="102" HEIGHT="24" CONTENT="waarde" WC="0.86" CC="006100"/>
						<SP ID="P303_SP00070" HPOS="301" VPOS="341" WIDTH="26"/>
						<String ID="P303_ST00085" HPOS="327" VPOS="318" WIDTH="99" HEIGHT="23" CONTENT="hebben" WC="0.67" CC="706005"/>
						<SP ID="P303_SP00071" HPOS="426" VPOS="341" WIDTH="21"/>
						<String ID="P303_ST00086" HPOS="447" VPOS="325" WIDTH="30" HEIGHT="16" CONTENT="en" WC="0.63" CC="07"/>
						<SP ID="P303_SP00072" HPOS="477" VPOS="341" WIDTH="23"/>
						<String ID="P303_ST00087" HPOS="500" VPOS="317" WIDTH="26" HEIGHT="23" CONTENT="in" WC="0.70" CC="50"/>
						<SP ID="P303_SP00073" HPOS="526" VPOS="341" WIDTH="21"/>
						<String ID="P303_ST00088" HPOS="547" VPOS="316" WIDTH="42" HEIGHT="24" CONTENT="het" WC="0.76" CC="700"/>
						<SP ID="P303_SP00074" HPOS="589" VPOS="341" WIDTH="23"/>
						<String ID="P303_ST00089" HPOS="612" VPOS="315" WIDTH="58" HEIGHT="24" CONTENT="land" WC="0.67" CC="4071"/>
						<SP ID="P303_SP00075" HPOS="670" VPOS="341" WIDTH="20"/>
						<String ID="P303_ST00090" HPOS="690" VPOS="317" WIDTH="115" HEIGHT="21" CONTENT="verstaan" WC="0.84" CC="01050005"/>
					</TextLine>
					<TextLine ID="P303_TL00014" HPOS="86" VPOS="352" WIDTH="719" HEIGHT="34">
						<String ID="P303_ST00091" HPOS="86" VPOS="355" WIDTH="114" HEIGHT="24" CONTENT="worden." WC="0.90" CC="0000060"/>
						<SP ID="P303_SP00076" HPOS="200" VPOS="379" WIDTH="35"/>
						<String ID="P303_ST00092" HPOS="235" VPOS="355" WIDTH="173" HEIGHT="31" CONTENT="Godsdienst," WC="0.76" CC="70060007400"/>
						<SP ID="P303_SP00077" HPOS="408" VPOS="386" WIDTH="17"/>
						<String ID="P303_ST00093" HPOS="425" VPOS="356" WIDTH="66" HEIGHT="29" CONTENT="taal," WC="0.77" CC="46000"/>
						<SP ID="P303_SP00078" HPOS="491" VPOS="386" WIDTH="20"/>
						<String ID="P303_ST00094" HPOS="511" VPOS="355" WIDTH="139" HEIGHT="30" CONTENT="woningen," WC="0.67" CC="902160240"/>
						<SP ID="P303_SP00079" HPOS="650" VPOS="386" WIDTH="19"/>
						<String ID="P303_ST00095" HPOS="669" VPOS="352" WIDTH="136" HEIGHT="29" CONTENT="meubelen," WC="0.75" CC="004604050"/>
					</TextLine>
					<TextLine ID="P303_TL00015" HPOS="87" VPOS="392" WIDTH="718" HEIGHT="35">
						<String ID="P303_ST00096" HPOS="87" VPOS="396" WIDTH="79" HEIGHT="23" CONTENT="zeden" WC="0.86" CC="00006"/>
						<SP ID="P303_SP00080" HPOS="166" VPOS="419" WIDTH="22"/>
						<String ID="P303_ST00097" HPOS="188" VPOS="403" WIDTH="31" HEIGHT="16" CONTENT="en" WC="0.85" CC="20"/>
						<SP ID="P303_SP00081" HPOS="219" VPOS="419" WIDTH="18"/>
						<String ID="P303_ST00098" HPOS="237" VPOS="396" WIDTH="137" HEIGHT="30" CONTENT="gebruiken" WC="0.71" CC="023155006"/>
						<String ID="P303_ST00099" HPOS="381" VPOS="414" WIDTH="6" HEIGHT="12" CONTENT="," WC="0.91" CC="0"/>
						<SP ID="P303_SP00082" HPOS="387" VPOS="426" WIDTH="12"/>
						<String ID="P303_ST00100" HPOS="399" VPOS="396" WIDTH="58" HEIGHT="24" CONTENT="zelfs" WC="0.74" CC="60007"/>
						<SP ID="P303_SP00083" HPOS="457" VPOS="426" WIDTH="10"/>
						<String ID="P303_ST00101" HPOS="467" VPOS="396" WIDTH="33" HEIGHT="31" CONTENT="bij" WC="0.79" CC="600"/>
						<SP ID="P303_SP00084" HPOS="500" VPOS="427" WIDTH="12"/>
						<String ID="P303_ST00102" HPOS="512" VPOS="396" WIDTH="29" HEIGHT="23" CONTENT="de" WC="1.00" CC="00"/>
						<SP ID="P303_SP00085" HPOS="541" VPOS="427" WIDTH="12"/>
						<String ID="P303_ST00103" HPOS="553" VPOS="396" WIDTH="129" HEIGHT="23" CONTENT="bewoners" WC="0.70" CC="00826050"/>
						<SP ID="P303_SP00086" HPOS="682" VPOS="427" WIDTH="12"/>
						<String ID="P303_ST00104" HPOS="694" VPOS="394" WIDTH="43" HEIGHT="22" CONTENT="der" WC="0.84" CC="012"/>
						<SP ID="P303_SP00087" HPOS="737" VPOS="427" WIDTH="12"/>
						<String ID="P303_ST00105" HPOS="749" VPOS="392" WIDTH="56" HEIGHT="24" CONTENT="stad" WC="0.65" CC="5070"/>
					</TextLine>
					<TextLine ID="P303_TL00016" HPOS="88" VPOS="432" WIDTH="716" HEIGHT="31">
						<String ID="P303_ST00106" HPOS="88" VPOS="435" WIDTH="128" HEIGHT="24" CONTENT="Koeninda" WC="0.57" CC="80020948"/>
						<SP ID="P303_SP00088" HPOS="216" VPOS="459" WIDTH="31"/>
						<String ID="P303_ST00107" HPOS="247" VPOS="435" WIDTH="81" HEIGHT="24" CONTENT="welke" WC="0.88" CC="00500"/>
						<SP ID="P303_SP00089" HPOS="328" VPOS="459" WIDTH="28"/>
						<String ID="P303_ST00108" HPOS="356" VPOS="444" WIDTH="48" HEIGHT="16" CONTENT="van" WC="0.91" CC="002"/>
						<SP ID="P303_SP00090" HPOS="404" VPOS="460" WIDTH="32"/>
						<String ID="P303_ST00109" HPOS="436" VPOS="436" WIDTH="125" HEIGHT="25" CONTENT="Chinezen" WC="0.60" CC="47360206"/>
						<SP ID="P303_SP00091" HPOS="561" VPOS="461" WIDTH="26"/>
						<String ID="P303_ST00110" HPOS="587" VPOS="435" WIDTH="156" HEIGHT="28" CONTENT="afstammen," WC="0.75" CC="0030080461"/>
						<SP ID="P303_SP00092" HPOS="743" VPOS="463" WIDTH="22"/>
						<String ID="P303_ST00111" HPOS="765" VPOS="432" WIDTH="39" HEIGHT="24" CONTENT="die" WC="0.99" CC="000"/>
					</TextLine>
					<TextLine ID="P303_TL00017" HPOS="89" VPOS="474" WIDTH="715" HEIGHT="33">
						<String ID="P303_ST00112" HPOS="89" VPOS="475" WIDTH="80" HEIGHT="24" CONTENT="onder" WC="0.69" CC="45022"/>
						<SP ID="P303_SP00093" HPOS="169" VPOS="499" WIDTH="13"/>
						<String ID="P303_ST00113" HPOS="182" VPOS="476" WIDTH="31" HEIGHT="23" CONTENT="de" WC="0.92" CC="01"/>
						<SP ID="P303_SP00094" HPOS="213" VPOS="499" WIDTH="12"/>
						<String ID="P303_ST00114" HPOS="225" VPOS="476" WIDTH="87" HEIGHT="31" CONTENT="vorige" WC="0.89" CC="041000"/>
						<SP ID="P303_SP00095" HPOS="312" VPOS="507" WIDTH="12"/>
						<String ID="P303_ST00115" HPOS="324" VPOS="475" WIDTH="140" HEIGHT="32" CONTENT="keizerlijke" WC="0.87" CC="00070122000"/>
						<SP ID="P303_SP00096" HPOS="464" VPOS="507" WIDTH="14"/>
						<String ID="P303_ST00116" HPOS="478" VPOS="475" WIDTH="110" HEIGHT="32" CONTENT="dynastie" WC="0.83" CC="00700060"/>
						<SP ID="P303_SP00097" HPOS="588" VPOS="507" WIDTH="10"/>
						<String ID="P303_ST00117" HPOS="598" VPOS="482" WIDTH="60" HEIGHT="16" CONTENT="naar" WC="0.21" CC="7499"/>
						<SP ID="P303_SP00098" HPOS="658" VPOS="507" WIDTH="9"/>
						<String ID="P303_ST00118" HPOS="667" VPOS="474" WIDTH="137" HEIGHT="22" CONTENT="herwaarts" WC="0.82" CC="600000106"/>
					</TextLine>
					<TextLine ID="P303_TL00018" HPOS="88" VPOS="512" WIDTH="716" HEIGHT="34">
						<String ID="P303_ST00119" HPOS="88" VPOS="515" WIDTH="103" HEIGHT="24" CONTENT="werden" WC="0.83" CC="003006"/>
						<SP ID="P303_SP00099" HPOS="191" VPOS="539" WIDTH="13"/>
						<String ID="P303_ST00120" HPOS="204" VPOS="516" WIDTH="141" HEIGHT="30" CONTENT="gezonden," WC="0.80" CC="000270070"/>
						<SP ID="P303_SP00100" HPOS="345" VPOS="546" WIDTH="13"/>
						<String ID="P303_ST00121" HPOS="358" VPOS="515" WIDTH="192" HEIGHT="25" CONTENT="onderscheiden" WC="0.73" CC="3500050742005"/>
						<SP ID="P303_SP00101" HPOS="550" VPOS="546" WIDTH="16"/>
						<String ID="P303_ST00122" HPOS="566" VPOS="514" WIDTH="53" HEIGHT="24" CONTENT="zich" WC="0.59" CC="4047"/>
						<SP ID="P303_SP00102" HPOS="619" VPOS="546" WIDTH="12"/>
						<String ID="P303_ST00123" HPOS="631" VPOS="513" WIDTH="50" HEIGHT="24" CONTENT="niet" WC="0.81" CC="7000"/>
						<SP ID="P303_SP00103" HPOS="681" VPOS="546" WIDTH="11"/>
						<String ID="P303_ST00124" HPOS="692" VPOS="512" WIDTH="41" HEIGHT="24" CONTENT="het" WC="0.71" CC="701"/>
						<SP ID="P303_SP00104" HPOS="733" VPOS="546" WIDTH="11"/>
						<String ID="P303_ST00125" HPOS="744" VPOS="512" WIDTH="60" HEIGHT="23" CONTENT="min" SUBS_TYPE="HypPart1" SUBS_CONTENT="minste" WC="0.91" CC="0002"/>
						<HYP CONTENT="-"/>
					</TextLine>
					<TextLine ID="P303_TL00019" HPOS="87" VPOS="551" WIDTH="716" HEIGHT="34">
						<String ID="P303_ST00126" HPOS="87" VPOS="559" WIDTH="39" HEIGHT="20" CONTENT="ste" SUBS_TYPE="HypPart2" SUBS_CONTENT="minste" WC="0.88" CC="300"/>
						<SP ID="P303_SP00105" HPOS="126" VPOS="579" WIDTH="10"/>
						<String ID="P303_ST00127" HPOS="136" VPOS="573" WIDTH="6" HEIGHT="11" CONTENT="," WC="1.00" CC="0"/>
						<SP ID="P303_SP00106" HPOS="142" VPOS="584" WIDTH="27"/>
						<String ID="P303_ST00128" HPOS="169" VPOS="562" WIDTH="62" HEIGHT="17" CONTENT="naar" WC="0.77" CC="6002"/>
						<SP ID="P303_SP00107" HPOS="231" VPOS="584" WIDTH="22"/>
						<String ID="P303_ST00129" HPOS="253" VPOS="555" WIDTH="107" HEIGHT="30" CONTENT="hetgeen" WC="0.68" CC="7050207"/>
						<SP ID="P303_SP00108" HPOS="360" VPOS="585" WIDTH="24"/>
						<String ID="P303_ST00130" HPOS="384" VPOS="555" WIDTH="27" HEIGHT="24" CONTENT="ik" WC="1.00" CC="00"/>
						<SP ID="P303_SP00109" HPOS="411" VPOS="585" WIDTH="22"/>
						<String ID="P303_ST00131" HPOS="433" VPOS="555" WIDTH="75" HEIGHT="24" CONTENT="reden" WC="0.92" CC="00003"/>
						<SP ID="P303_SP00110" HPOS="508" VPOS="585" WIDTH="16"/>
						<String ID="P303_ST00132" HPOS="524" VPOS="554" WIDTH="48" HEIGHT="24" CONTENT="heb" WC="0.55" CC="705"/>
						<SP ID="P303_SP00111" HPOS="572" VPOS="585" WIDTH="21"/>
						<String ID="P303_ST00133" HPOS="593" VPOS="557" WIDTH="23" HEIGHT="20" CONTENT="te" WC="0.96" CC="00"/>
						<SP ID="P303_SP00112" HPOS="616" VPOS="585" WIDTH="24"/>
						<String ID="P303_ST00134" HPOS="640" VPOS="551" WIDTH="147" HEIGHT="29" CONTENT="vermoeden" WC="0.73" CC="004400904"/>
						<String ID="P303_ST00135" HPOS="796" VPOS="568" WIDTH="7" HEIGHT="11" CONTENT="," WC="1.00" CC="0"/>
					</TextLine>
					<TextLine ID="P303_TL00020" HPOS="90" VPOS="591" WIDTH="714" HEIGHT="34">
						<String ID="P303_ST00136" HPOS="90" VPOS="603" WIDTH="50" HEIGHT="16" CONTENT="van" WC="0.75" CC="007"/>
						<SP ID="P303_SP00113" HPOS="140" VPOS="619" WIDTH="17"/>
						<String ID="P303_ST00137" HPOS="157" VPOS="595" WIDTH="110" HEIGHT="23" CONTENT="dezelfde" WC="0.76" CC="00504900"/>
						<SP ID="P303_SP00114" HPOS="267" VPOS="619" WIDTH="19"/>
						<String ID="P303_ST00138" HPOS="286" VPOS="594" WIDTH="79" HEIGHT="25" CONTENT="zaken" WC="0.85" CC="00007"/>
						<SP ID="P303_SP00115" HPOS="365" VPOS="619" WIDTH="17"/>
						<String ID="P303_ST00139" HPOS="382" VPOS="603" WIDTH="30" HEIGHT="15" CONTENT="en" WC="0.64" CC="07"/>
						<SP ID="P303_SP00116" HPOS="412" VPOS="619" WIDTH="20"/>
						<String ID="P303_ST00140" HPOS="432" VPOS="601" WIDTH="162" HEIGHT="24" CONTENT="voorwerpen" WC="0.84" CC="0043001006"/>
						<SP ID="P303_SP00117" HPOS="594" VPOS="625" WIDTH="17"/>
						<String ID="P303_ST00141" HPOS="611" VPOS="594" WIDTH="25" HEIGHT="23" CONTENT="in" WC="0.46" CC="46"/>
						<SP ID="P303_SP00118" HPOS="636" VPOS="625" WIDTH="16"/>
						<String ID="P303_ST00142" HPOS="652" VPOS="593" WIDTH="88" HEIGHT="30" CONTENT="Japan." WC="0.77" CC="010803"/>
						<SP ID="P303_SP00119" HPOS="740" VPOS="625" WIDTH="33"/>
						<String ID="P303_ST00143" HPOS="773" VPOS="591" WIDTH="31" HEIGHT="24" CONTENT="Ik" WC="1.00" CC="00"/>
					</TextLine>
					<TextLine ID="P303_TL00021" HPOS="88" VPOS="631" WIDTH="716" HEIGHT="31">
						<String ID="P303_ST00144" HPOS="88" VPOS="635" WIDTH="48" HEIGHT="23" CONTENT="heb" WC="0.67" CC="702"/>
						<SP ID="P303_SP00120" HPOS="136" VPOS="658" WIDTH="19"/>
						<String ID="P303_ST00145" HPOS="155" VPOS="635" WIDTH="30" HEIGHT="23" CONTENT="de" WC="1.00" CC="00"/>
						<SP ID="P303_SP00121" HPOS="185" VPOS="658" WIDTH="18"/>
						<String ID="P303_ST00146" HPOS="203" VPOS="634" WIDTH="104" HEIGHT="24" CONTENT="brieven" WC="0.86" CC="0020007"/>
						<SP ID="P303_SP00122" HPOS="307" VPOS="658" WIDTH="18"/>
						<String ID="P303_ST00147" HPOS="325" VPOS="643" WIDTH="48" HEIGHT="16" CONTENT="van" WC="0.75" CC="007"/>
						<SP ID="P303_SP00123" HPOS="373" VPOS="659" WIDTH="21"/>
						<String ID="P303_ST00148" HPOS="394" VPOS="642" WIDTH="34" HEIGHT="18" CONTENT="st." WC="0.92" CC="200"/>
						<SP ID="P303_SP00124" HPOS="428" VPOS="660" WIDTH="8"/>
						<String ID="P303_ST00149" HPOS="436" VPOS="640" WIDTH="157" HEIGHT="19" CONTENT="franciscüs" WC="0.85" CC="9000003100"/>
						<SP ID="P303_SP00125" HPOS="593" VPOS="660" WIDTH="15"/>
						<String ID="P303_ST00150" HPOS="608" VPOS="639" WIDTH="132" HEIGHT="17" CONTENT="xaverius" WC="0.51" CC="39067264"/>
						<SP ID="P303_SP00126" HPOS="740" VPOS="660" WIDTH="10"/>
						<String ID="P303_ST00151" HPOS="750" VPOS="650" WIDTH="6" HEIGHT="12" CONTENT="," WC="1.00" CC="0"/>
						<SP ID="P303_SP00127" HPOS="756" VPOS="662" WIDTH="19"/>
						<String ID="P303_ST00152" HPOS="775" VPOS="631" WIDTH="29" HEIGHT="24" CONTENT="de" WC="0.96" CC="00"/>
					</TextLine>
					<TextLine ID="P303_TL00022" HPOS="89" VPOS="671" WIDTH="715" HEIGHT="35">
						<String ID="P303_ST00153" HPOS="89" VPOS="674" WIDTH="172" HEIGHT="32" CONTENT="geschiedenis" WC="0.65" CC="900075000656"/>
						<SP ID="P303_SP00128" HPOS="261" VPOS="706" WIDTH="14"/>
						<String ID="P303_ST00154" HPOS="275" VPOS="681" WIDTH="50" HEIGHT="17" CONTENT="van" WC="0.78" CC="006"/>
						<SP ID="P303_SP00129" HPOS="325" VPOS="706" WIDTH="24"/>
						<String ID="P303_ST00155" HPOS="349" VPOS="682" WIDTH="95" HEIGHT="17" CONTENT="pierre" WC="0.72" CC="247001"/>
						<SP ID="P303_SP00130" HPOS="444" VPOS="706" WIDTH="17"/>
						<String ID="P303_ST00156" HPOS="461" VPOS="680" WIDTH="170" HEIGHT="19" CONTENT="charlevoix" WC="0.73" CC="0607750000"/>
						<SP ID="P303_SP00131" HPOS="631" VPOS="706" WIDTH="22"/>
						<String ID="P303_ST00157" HPOS="653" VPOS="680" WIDTH="29" HEIGHT="15" CONTENT="en" WC="0.64" CC="07"/>
						<SP ID="P303_SP00132" HPOS="682" VPOS="706" WIDTH="20"/>
						<String ID="P303_ST00158" HPOS="702" VPOS="671" WIDTH="102" HEIGHT="24" CONTENT="uittrek" SUBS_TYPE="HypPart1" SUBS_CONTENT="uittreksels" WC="0.71" CC="65123030"/>
						<HYP CONTENT="-"/>
					</TextLine>
					<TextLine ID="P303_TL00023" HPOS="89" VPOS="711" WIDTH="715" HEIGHT="32">
						<String ID="P303_ST00159" HPOS="89" VPOS="714" WIDTH="49" HEIGHT="24" CONTENT="sels" SUBS_TYPE="HypPart2" SUBS_CONTENT="uittreksels" WC="0.74" CC="0044"/>
						<SP ID="P303_SP00133" HPOS="138" VPOS="738" WIDTH="25"/>
						<String ID="P303_ST00160" HPOS="163" VPOS="722" WIDTH="50" HEIGHT="16" CONTENT="van" WC="0.76" CC="007"/>
						<SP ID="P303_SP00134" HPOS="213" VPOS="738" WIDTH="19"/>
						<String ID="P303_ST00161" HPOS="232" VPOS="720" WIDTH="158" HEIGHT="19" CONTENT="maltebrun" WC="0.45" CC="906635970"/>
						<SP ID="P303_SP00135" HPOS="390" VPOS="739" WIDTH="21"/>
						<String ID="P303_ST00162" HPOS="411" VPOS="722" WIDTH="29" HEIGHT="16" CONTENT="en" WC="0.63" CC="07"/>
						<SP ID="P303_SP00136" HPOS="440" VPOS="739" WIDTH="21"/>
						<String ID="P303_ST00163" HPOS="461" VPOS="721" WIDTH="76" HEIGHT="17" CONTENT="balbi" WC="0.68" CC="30660"/>
						<SP ID="P303_SP00137" HPOS="537" VPOS="739" WIDTH="14"/>
						<String ID="P303_ST00164" HPOS="551" VPOS="721" WIDTH="59" HEIGHT="17" CONTENT="over" WC="0.80" CC="5002"/>
						<SP ID="P303_SP00138" HPOS="610" VPOS="739" WIDTH="16"/>
						<String ID="P303_ST00165" HPOS="626" VPOS="712" WIDTH="81" HEIGHT="31" CONTENT="Japan" WC="0.66" CC="02068"/>
						<SP ID="P303_SP00139" HPOS="707" VPOS="743" WIDTH="20"/>
						<String ID="P303_ST00166" HPOS="727" VPOS="711" WIDTH="77" HEIGHT="23" CONTENT="onder" WC="0.72" CC="07023"/>
					</TextLine>
					<TextLine ID="P303_TL00024" HPOS="91" VPOS="752" WIDTH="712" HEIGHT="33">
						<String ID="P303_ST00167" HPOS="91" VPOS="755" WIDTH="30" HEIGHT="23" CONTENT="de" WC="0.66" CC="60"/>
						<SP ID="P303_SP00140" HPOS="121" VPOS="778" WIDTH="24"/>
						<String ID="P303_ST00168" HPOS="145" VPOS="761" WIDTH="90" HEIGHT="24" CONTENT="oogen," WC="0.80" CC="030170"/>
						<SP ID="P303_SP00141" HPOS="235" VPOS="785" WIDTH="20"/>
						<String ID="P303_ST00169" HPOS="255" VPOS="761" WIDTH="30" HEIGHT="16" CONTENT="en" WC="0.63" CC="07"/>
						<SP ID="P303_SP00142" HPOS="285" VPOS="785" WIDTH="17"/>
						<String ID="P303_ST00170" HPOS="302" VPOS="755" WIDTH="83" HEIGHT="23" CONTENT="telken" WC="0.89" CC="000006"/>
						<SP ID="P303_SP00143" HPOS="385" VPOS="785" WIDTH="21"/>
						<String ID="P303_ST00171" HPOS="406" VPOS="755" WIDTH="70" HEIGHT="28" CONTENT="maal," WC="0.81" CC="50300"/>
						<SP ID="P303_SP00144" HPOS="476" VPOS="785" WIDTH="24"/>
						<String ID="P303_ST00172" HPOS="500" VPOS="761" WIDTH="116" HEIGHT="16" CONTENT="wanneer" WC="0.76" CC="0076002"/>
						<SP ID="P303_SP00145" HPOS="616" VPOS="785" WIDTH="16"/>
						<String ID="P303_ST00173" HPOS="632" VPOS="752" WIDTH="25" HEIGHT="24" CONTENT="ik" WC="0.82" CC="30"/>
						<SP ID="P303_SP00146" HPOS="657" VPOS="785" WIDTH="16"/>
						<String ID="P303_ST00174" HPOS="673" VPOS="752" WIDTH="58" HEIGHT="22" CONTENT="deze" WC="0.63" CC="9040"/>
						<SP ID="P303_SP00147" HPOS="731" VPOS="785" WIDTH="10"/>
						<String ID="P303_ST00175" HPOS="741" VPOS="758" WIDTH="62" HEIGHT="16" CONTENT="wer" SUBS_TYPE="HypPart1" SUBS_CONTENT="werken" WC="0.86" CC="0050"/>
						<HYP CONTENT="-"/>
					</TextLine>
					<TextLine ID="P303_TL00025" HPOS="90" VPOS="791" WIDTH="713" HEIGHT="34">
						<String ID="P303_ST00176" HPOS="90" VPOS="794" WIDTH="49" HEIGHT="24" CONTENT="ken" SUBS_TYPE="HypPart2" SUBS_CONTENT="werken" WC="0.76" CC="007"/>
						<SP ID="P303_SP00148" HPOS="139" VPOS="818" WIDTH="22"/>
						<String ID="P303_ST00177" HPOS="161" VPOS="794" WIDTH="63" HEIGHT="29" CONTENT="lees," WC="0.89" CC="40000"/>
						<SP ID="P303_SP00149" HPOS="224" VPOS="823" WIDTH="20"/>
						<String ID="P303_ST00178" HPOS="244" VPOS="794" WIDTH="48" HEIGHT="23" CONTENT="ben" WC="0.66" CC="117"/>
						<SP ID="P303_SP00150" HPOS="292" VPOS="823" WIDTH="17"/>
						<String ID="P303_ST00179" HPOS="309" VPOS="794" WIDTH="26" HEIGHT="23" CONTENT="ik" WC="0.96" CC="00"/>
						<SP ID="P303_SP00151" HPOS="335" VPOS="823" WIDTH="17"/>
						<String ID="P303_ST00180" HPOS="352" VPOS="794" WIDTH="105" HEIGHT="31" CONTENT="geneigd" WC="0.84" CC="0040600"/>
						<SP ID="P303_SP00152" HPOS="457" VPOS="825" WIDTH="15"/>
						<String ID="P303_ST00181" HPOS="472" VPOS="801" WIDTH="39" HEIGHT="15" CONTENT="om" WC="0.77" CC="40"/>
						<SP ID="P303_SP00153" HPOS="511" VPOS="825" WIDTH="16"/>
						<String ID="P303_ST00182" HPOS="527" VPOS="796" WIDTH="23" HEIGHT="20" CONTENT="te" WC="0.65" CC="33"/>
						<SP ID="P303_SP00154" HPOS="550" VPOS="825" WIDTH="20"/>
						<String ID="P303_ST00183" HPOS="570" VPOS="792" WIDTH="121" HEIGHT="31" CONTENT="gelooven" WC="0.76" CC="00411046"/>
						<SP ID="P303_SP00155" HPOS="691" VPOS="825" WIDTH="25"/>
						<String ID="P303_ST00184" HPOS="716" VPOS="791" WIDTH="42" HEIGHT="23" CONTENT="dat" WC="0.79" CC="006"/>
						<SP ID="P303_SP00156" HPOS="758" VPOS="825" WIDTH="18"/>
						<String ID="P303_ST00185" HPOS="776" VPOS="798" WIDTH="27" HEIGHT="15" CONTENT="er" WC="0.81" CC="03"/>
					</TextLine>
					<TextLine ID="P303_TL00026" HPOS="91" VPOS="830" WIDTH="711" HEIGHT="34">
						<String ID="P303_ST00186" HPOS="91" VPOS="842" WIDTH="49" HEIGHT="16" CONTENT="van" WC="0.75" CC="007"/>
						<SP ID="P303_SP00157" HPOS="140" VPOS="858" WIDTH="23"/>
						<String ID="P303_ST00187" HPOS="163" VPOS="834" WIDTH="123" HEIGHT="24" CONTENT="Lioe-kioe" WC="0.73" CC="030400249"/>
						<SP ID="P303_SP00158" HPOS="286" VPOS="858" WIDTH="24"/>
						<String ID="P303_ST00188" HPOS="310" VPOS="833" WIDTH="83" HEIGHT="24" CONTENT="wordt" WC="0.79" CC="04500"/>
						<SP ID="P303_SP00159" HPOS="393" VPOS="858" WIDTH="13"/>
						<String ID="P303_ST00189" HPOS="406" VPOS="833" WIDTH="138" HEIGHT="31" CONTENT="gesproken" WC="0.87" CC="003052000"/>
						<String ID="P303_ST00190" HPOS="554" VPOS="850" WIDTH="6" HEIGHT="11" CONTENT="," WC="1.00" CC="0"/>
						<SP ID="P303_SP00160" HPOS="560" VPOS="864" WIDTH="19"/>
						<String ID="P303_ST00191" HPOS="579" VPOS="839" WIDTH="46" HEIGHT="16" CONTENT="zoo" WC="0.81" CC="005"/>
						<SP ID="P303_SP00161" HPOS="625" VPOS="864" WIDTH="19"/>
						<String ID="P303_ST00192" HPOS="644" VPOS="833" WIDTH="72" HEIGHT="29" CONTENT="groot" WC="0.84" CC="07000"/>
						<SP ID="P303_SP00162" HPOS="716" VPOS="864" WIDTH="12"/>
						<String ID="P303_ST00193" HPOS="728" VPOS="830" WIDTH="21" HEIGHT="24" CONTENT="is" WC="0.67" CC="05"/>
						<SP ID="P303_SP00163" HPOS="749" VPOS="864" WIDTH="22"/>
						<String ID="P303_ST00194" HPOS="771" VPOS="830" WIDTH="31" HEIGHT="23" CONTENT="de" WC="1.00" CC="00"/>
					</TextLine>
					<TextLine ID="P303_TL00027" HPOS="91" VPOS="871" WIDTH="710" HEIGHT="30">
						<String ID="P303_ST00195" HPOS="91" VPOS="873" WIDTH="188" HEIGHT="25" CONTENT="overeenkomst" WC="0.76" CC="100600703036"/>
						<SP ID="P303_SP00164" HPOS="279" VPOS="898" WIDTH="15"/>
						<String ID="P303_ST00196" HPOS="294" VPOS="872" WIDTH="116" HEIGHT="24" CONTENT="tusschen" WC="0.71" CC="04330703"/>
						<SP ID="P303_SP00165" HPOS="410" VPOS="898" WIDTH="18"/>
						<String ID="P303_ST00197" HPOS="428" VPOS="873" WIDTH="43" HEIGHT="23" CONTENT="dat" WC="1.00" CC="000"/>
						<SP ID="P303_SP00166" HPOS="471" VPOS="898" WIDTH="13"/>
						<String ID="P303_ST00198" HPOS="484" VPOS="876" WIDTH="51" HEIGHT="20" CONTENT="wat" WC="0.71" CC="008"/>
						<SP ID="P303_SP00167" HPOS="535" VPOS="898" WIDTH="17"/>
						<String ID="P303_ST00199" HPOS="552" VPOS="871" WIDTH="26" HEIGHT="24" CONTENT="ik" WC="1.00" CC="00"/>
						<SP ID="P303_SP00168" HPOS="578" VPOS="898" WIDTH="20"/>
						<String ID="P303_ST00200" HPOS="598" VPOS="871" WIDTH="35" HEIGHT="24" CONTENT="zie" WC="0.90" CC="300"/>
						<SP ID="P303_SP00169" HPOS="633" VPOS="898" WIDTH="18"/>
						<String ID="P303_ST00201" HPOS="651" VPOS="878" WIDTH="31" HEIGHT="16" CONTENT="en" WC="0.63" CC="07"/>
						<SP ID="P303_SP00170" HPOS="682" VPOS="898" WIDTH="14"/>
						<String ID="P303_ST00202" HPOS="696" VPOS="871" WIDTH="105" HEIGHT="30" CONTENT="hetgene" WC="0.77" CC="7040040"/>
					</TextLine>
					<TextLine ID="P303_TL00028" HPOS="90" VPOS="910" WIDTH="711" HEIGHT="33">
						<String ID="P303_ST00203" HPOS="90" VPOS="914" WIDTH="29" HEIGHT="29" CONTENT="zij" WC="0.73" CC="250"/>
						<SP ID="P303_SP00171" HPOS="119" VPOS="943" WIDTH="21"/>
						<String ID="P303_ST00204" HPOS="140" VPOS="913" WIDTH="147" HEIGHT="24" CONTENT="schilderen." WC="0.76" CC="00705024060"/>
						<SP ID="P303_SP00172" HPOS="287" VPOS="943" WIDTH="35"/>
						<String ID="P303_ST00205" HPOS="322" VPOS="911" WIDTH="93" HEIGHT="24" CONTENT="Voorts" WC="0.63" CC="040365"/>
						<SP ID="P303_SP00173" HPOS="415" VPOS="943" WIDTH="24"/>
						<String ID="P303_ST00206" HPOS="439" VPOS="912" WIDTH="46" HEIGHT="23" CONTENT="heb" WC="0.71" CC="601"/>
						<SP ID="P303_SP00174" HPOS="485" VPOS="943" WIDTH="24"/>
						<String ID="P303_ST00207" HPOS="509" VPOS="911" WIDTH="24" HEIGHT="24" CONTENT="ik" WC="0.69" CC="60"/>
						<SP ID="P303_SP00175" HPOS="533" VPOS="943" WIDTH="20"/>
						<String ID="P303_ST00208" HPOS="553" VPOS="911" WIDTH="26" HEIGHT="23" CONTENT="in" WC="0.34" CC="57"/>
						<SP ID="P303_SP00176" HPOS="579" VPOS="943" WIDTH="19"/>
						<String ID="P303_ST00209" HPOS="598" VPOS="910" WIDTH="29" HEIGHT="25" CONTENT="de" WC="0.89" CC="02"/>
						<SP ID="P303_SP00177" HPOS="627" VPOS="943" WIDTH="24"/>
						<String ID="P303_ST00210" HPOS="651" VPOS="910" WIDTH="81" HEIGHT="23" CONTENT="haven" WC="0.75" CC="70005"/>
						<SP ID="P303_SP00178" HPOS="732" VPOS="943" WIDTH="21"/>
						<String ID="P303_ST00211" HPOS="753" VPOS="917" WIDTH="48" HEIGHT="16" CONTENT="van" WC="0.72" CC="044"/>
					</TextLine>
					<TextLine ID="P303_TL00029" HPOS="88" VPOS="949" WIDTH="712" HEIGHT="33">
						<String ID="P303_ST00212" HPOS="88" VPOS="954" WIDTH="75" HEIGHT="28" CONTENT="Napa" WC="0.63" CC="0770"/>
						<SP ID="P303_SP00179" HPOS="163" VPOS="982" WIDTH="13"/>
						<String ID="P303_ST00213" HPOS="176" VPOS="960" WIDTH="50" HEIGHT="22" CONTENT="nog" WC="0.42" CC="519"/>
						<SP ID="P303_SP00180" HPOS="226" VPOS="982" WIDTH="12"/>
						<String ID="P303_ST00214" HPOS="238" VPOS="959" WIDTH="76" HEIGHT="23" CONTENT="geene" WC="0.74" CC="60042"/>
						<SP ID="P303_SP00181" HPOS="314" VPOS="982" WIDTH="9"/>
						<String ID="P303_ST00215" HPOS="323" VPOS="950" WIDTH="87" HEIGHT="23" CONTENT="enkele" WC="0.74" CC="260060"/>
						<SP ID="P303_SP00182" HPOS="410" VPOS="982" WIDTH="9"/>
						<String ID="P303_ST00216" HPOS="419" VPOS="951" WIDTH="64" HEIGHT="22" CONTENT="maal" WC="0.53" CC="0737"/>
						<SP ID="P303_SP00183" HPOS="483" VPOS="982" WIDTH="11"/>
						<String ID="P303_ST00217" HPOS="494" VPOS="959" WIDTH="59" HEIGHT="15" CONTENT="eene" WC="0.74" CC="2070"/>
						<SP ID="P303_SP00184" HPOS="553" VPOS="982" WIDTH="14"/>
						<String ID="P303_ST00218" HPOS="567" VPOS="950" WIDTH="130" HEIGHT="24" CONTENT="chinesche" WC="0.62" CC="373705070"/>
						<SP ID="P303_SP00185" HPOS="697" VPOS="982" WIDTH="14"/>
						<String ID="P303_ST00219" HPOS="711" VPOS="949" WIDTH="89" HEIGHT="30" CONTENT="dsjonk" WC="0.78" CC="040170"/>
					</TextLine>
					<TextLine ID="P303_TL00030" HPOS="87" VPOS="988" WIDTH="712" HEIGHT="34">
						<String ID="P303_ST00220" HPOS="87" VPOS="993" WIDTH="99" HEIGHT="29" CONTENT="gezien," WC="0.75" CC="0062070"/>
						<SP ID="P303_SP00186" HPOS="186" VPOS="1022" WIDTH="16"/>
						<String ID="P303_ST00221" HPOS="202" VPOS="990" WIDTH="88" HEIGHT="30" CONTENT="terwijl" WC="0.62" CC="3560506"/>
						<SP ID="P303_SP00187" HPOS="290" VPOS="1022" WIDTH="13"/>
						<String ID="P303_ST00222" HPOS="303" VPOS="998" WIDTH="26" HEIGHT="14" CONTENT="er" WC="0.79" CC="04"/>
						<SP ID="P303_SP00188" HPOS="329" VPOS="1022" WIDTH="9"/>
						<String ID="P303_ST00223" HPOS="338" VPOS="989" WIDTH="82" HEIGHT="23" CONTENT="steeds" WC="0.63" CC="200494"/>
						<SP ID="P303_SP00189" HPOS="420" VPOS="1022" WIDTH="19"/>
						<String ID="P303_ST00224" HPOS="439" VPOS="990" WIDTH="50" HEIGHT="23" CONTENT="tien" WC="0.62" CC="1507"/>
						<SP ID="P303_SP00190" HPOS="489" VPOS="1022" WIDTH="18"/>
						<String ID="P303_ST00225" HPOS="507" VPOS="990" WIDTH="28" HEIGHT="23" CONTENT="of" WC="0.33" CC="66"/>
						<SP ID="P303_SP00191" HPOS="535" VPOS="1022" WIDTH="15"/>
						<String ID="P303_ST00226" HPOS="550" VPOS="989" WIDTH="94" HEIGHT="31" CONTENT="vijftien" WC="0.54" CC="94005547"/>
						<SP ID="P303_SP00192" HPOS="644" VPOS="1022" WIDTH="18"/>
						<String ID="P303_ST00227" HPOS="662" VPOS="988" WIDTH="137" HEIGHT="32" CONTENT="japansche" WC="0.76" CC="000076070"/>
					</TextLine>
					<TextLine ID="P303_TL00031" HPOS="86" VPOS="1027" WIDTH="714" HEIGHT="33">
						<String ID="P303_ST00228" HPOS="86" VPOS="1031" WIDTH="107" HEIGHT="29" CONTENT="schepen" WC="0.58" CC="1073907"/>
						<SP ID="P303_SP00193" HPOS="193" VPOS="1060" WIDTH="17"/>
						<String ID="P303_ST00229" HPOS="210" VPOS="1036" WIDTH="64" HEIGHT="16" CONTENT="voor" WC="0.66" CC="0642"/>
						<SP ID="P303_SP00194" HPOS="274" VPOS="1060" WIDTH="16"/>
						<String ID="P303_ST00230" HPOS="290" VPOS="1027" WIDTH="77" HEIGHT="24" CONTENT="anker" WC="0.77" CC="07003"/>
						<SP ID="P303_SP00195" HPOS="367" VPOS="1060" WIDTH="16"/>
						<String ID="P303_ST00231" HPOS="383" VPOS="1028" WIDTH="90" HEIGHT="31" CONTENT="liggen." WC="0.77" CC="7600020"/>
						<SP ID="P303_SP00196" HPOS="473" VPOS="1060" WIDTH="18"/>
						<String ID="P303_ST00232" HPOS="491" VPOS="1028" WIDTH="42" HEIGHT="24" CONTENT="Nu" WC="0.90" CC="02"/>
						<SP ID="P303_SP00197" HPOS="533" VPOS="1060" WIDTH="15"/>
						<String ID="P303_ST00233" HPOS="548" VPOS="1029" WIDTH="21" HEIGHT="23" CONTENT="is" WC="0.61" CC="52"/>
						<SP ID="P303_SP00198" HPOS="569" VPOS="1060" WIDTH="14"/>
						<String ID="P303_ST00234" HPOS="583" VPOS="1029" WIDTH="41" HEIGHT="22" CONTENT="het" WC="0.75" CC="700"/>
						<SP ID="P303_SP00199" HPOS="624" VPOS="1060" WIDTH="10"/>
						<String ID="P303_ST00235" HPOS="634" VPOS="1028" WIDTH="47" HEIGHT="23" CONTENT="den" WC="0.86" CC="004"/>
						<SP ID="P303_SP00200" HPOS="681" VPOS="1060" WIDTH="12"/>
						<String ID="P303_ST00236" HPOS="693" VPOS="1028" WIDTH="107" HEIGHT="24" CONTENT="laatsten" WC="0.51" CC="59745006"/>
					</TextLine>
					<TextLine ID="P303_TL00032" HPOS="87" VPOS="1067" WIDTH="713" HEIGHT="25">
						<String ID="P303_ST00237" HPOS="87" VPOS="1070" WIDTH="62" HEIGHT="22" CONTENT="door" WC="0.77" CC="0260"/>
						<SP ID="P303_SP00201" HPOS="149" VPOS="1092" WIDTH="17"/>
						<String ID="P303_ST00238" HPOS="166" VPOS="1069" WIDTH="41" HEIGHT="23" CONTENT="het" WC="0.54" CC="706"/>
						<SP ID="P303_SP00202" HPOS="207" VPOS="1092" WIDTH="18"/>
						<String ID="P303_ST00239" HPOS="225" VPOS="1067" WIDTH="160" HEIGHT="25" CONTENT="bevelschrift" WC="0.70" CC="200054065522"/>
						<SP ID="P303_SP00203" HPOS="385" VPOS="1092" WIDTH="10"/>
						<String ID="P303_ST00240" HPOS="395" VPOS="1076" WIDTH="49" HEIGHT="15" CONTENT="van" WC="0.78" CC="006"/>
						<SP ID="P303_SP00204" HPOS="444" VPOS="1092" WIDTH="13"/>
						<String ID="P303_ST00241" HPOS="457" VPOS="1068" WIDTH="64" HEIGHT="24" CONTENT="1637" WC="0.78" CC="0241"/>
						<SP ID="P303_SP00205" HPOS="521" VPOS="1092" WIDTH="12"/>
						<String ID="P303_ST00242" HPOS="533" VPOS="1068" WIDTH="126" HEIGHT="24" CONTENT="verboden" WC="0.91" CC="00000006"/>
						<SP ID="P303_SP00206" HPOS="659" VPOS="1092" WIDTH="11"/>
						<String ID="P303_ST00243" HPOS="670" VPOS="1076" WIDTH="62" HEIGHT="16" CONTENT="naar" WC="0.66" CC="7006"/>
						<SP ID="P303_SP00207" HPOS="732" VPOS="1092" WIDTH="9"/>
						<String ID="P303_ST00244" HPOS="741" VPOS="1076" WIDTH="59" HEIGHT="16" CONTENT="eene" WC="0.81" CC="0070"/>
					</TextLine>
					<TextLine ID="P303_TL00033" HPOS="86" VPOS="1107" WIDTH="713" HEIGHT="32">
						<String ID="P303_ST00245" HPOS="86" VPOS="1108" WIDTH="113" HEIGHT="24" CONTENT="vreemde" WC="0.99" CC="0000000"/>
						<SP ID="P303_SP00208" HPOS="199" VPOS="1132" WIDTH="12"/>
						<String ID="P303_ST00246" HPOS="211" VPOS="1108" WIDTH="81" HEIGHT="23" CONTENT="haven" WC="0.78" CC="70003"/>
						<SP ID="P303_SP00209" HPOS="292" VPOS="1132" WIDTH="14"/>
						<String ID="P303_ST00247" HPOS="306" VPOS="1110" WIDTH="23" HEIGHT="21" CONTENT="te" WC="1.00" CC="00"/>
						<SP ID="P303_SP00210" HPOS="329" VPOS="1132" WIDTH="9"/>
						<String ID="P303_ST00248" HPOS="338" VPOS="1108" WIDTH="84" HEIGHT="23" CONTENT="zeilen." WC="0.89" CC="0011040"/>
						<SP ID="P303_SP00211" HPOS="422" VPOS="1132" WIDTH="34"/>
						<String ID="P303_ST00249" HPOS="456" VPOS="1107" WIDTH="36" HEIGHT="31" CONTENT="Zij" WC="1.00" CC="000"/>
						<SP ID="P303_SP00212" HPOS="492" VPOS="1138" WIDTH="20"/>
						<String ID="P303_ST00250" HPOS="512" VPOS="1115" WIDTH="88" HEIGHT="24" CONTENT="mogen" WC="0.87" CC="00006"/>
						<SP ID="P303_SP00213" HPOS="600" VPOS="1139" WIDTH="22"/>
						<String ID="P303_ST00251" HPOS="622" VPOS="1108" WIDTH="91" HEIGHT="23" CONTENT="slechts" WC="0.70" CC="5000733"/>
						<SP ID="P303_SP00214" HPOS="713" VPOS="1139" WIDTH="18"/>
						<String ID="P303_ST00252" HPOS="731" VPOS="1108" WIDTH="68" HEIGHT="23" CONTENT="kust" SUBS_TYPE="HypPart1" SUBS_CONTENT="kusthandel" WC="0.73" CC="00561"/>
						<HYP CONTENT="-"/>
					</TextLine>
					<TextLine ID="P303_TL00034" HPOS="87" VPOS="1147" WIDTH="712" HEIGHT="32">
						<String ID="P303_ST00253" HPOS="87" VPOS="1148" WIDTH="90" HEIGHT="24" CONTENT="handel" SUBS_TYPE="HypPart2" SUBS_CONTENT="kusthandel" WC="0.68" CC="707004"/>
						<SP ID="P303_SP00215" HPOS="177" VPOS="1172" WIDTH="22"/>
						<String ID="P303_ST00254" HPOS="199" VPOS="1147" WIDTH="96" HEIGHT="32" CONTENT="drijven" WC="0.78" CC="0800006"/>
						<SP ID="P303_SP00216" HPOS="295" VPOS="1179" WIDTH="18"/>
						<String ID="P303_ST00255" HPOS="313" VPOS="1147" WIDTH="27" HEIGHT="23" CONTENT="of" WC="1.00" CC="00"/>
						<SP ID="P303_SP00217" HPOS="340" VPOS="1179" WIDTH="14"/>
						<String ID="P303_ST00256" HPOS="354" VPOS="1155" WIDTH="60" HEIGHT="15" CONTENT="naar" WC="0.55" CC="7082"/>
						<SP ID="P303_SP00218" HPOS="414" VPOS="1179" WIDTH="20"/>
						<String ID="P303_ST00257" HPOS="434" VPOS="1147" WIDTH="29" HEIGHT="23" CONTENT="de" WC="1.00" CC="00"/>
						<SP ID="P303_SP00219" HPOS="463" VPOS="1179" WIDTH="18"/>
						<String ID="P303_ST00258" HPOS="481" VPOS="1155" WIDTH="47" HEIGHT="16" CONTENT="van" WC="1.00" CC="000"/>
						<SP ID="P303_SP00220" HPOS="528" VPOS="1179" WIDTH="21"/>
						<String ID="P303_ST00259" HPOS="549" VPOS="1147" WIDTH="41" HEIGHT="23" CONTENT="het" WC="0.59" CC="704"/>
						<SP ID="P303_SP00221" HPOS="590" VPOS="1179" WIDTH="20"/>
						<String ID="P303_ST00260" HPOS="610" VPOS="1147" WIDTH="48" HEIGHT="32" CONTENT="rijk" WC="0.81" CC="3400"/>
						<SP ID="P303_SP00222" HPOS="658" VPOS="1179" WIDTH="18"/>
						<String ID="P303_ST00261" HPOS="676" VPOS="1147" WIDTH="123" HEIGHT="24" CONTENT="afhanke" SUBS_TYPE="HypPart1" SUBS_CONTENT="afhankelijke" WC="0.75" CC="04707000"/>
						<HYP CONTENT="-"/>
					</TextLine>
					<TextLine ID="P303_TL00035" HPOS="85" VPOS="1186" WIDTH="711" HEIGHT="33">
						<String ID="P303_ST00262" HPOS="85" VPOS="1188" WIDTH="58" HEIGHT="31" CONTENT="lijke" SUBS_TYPE="HypPart2" SUBS_CONTENT="afhankelijke" WC="0.95" CC="20000"/>
						<SP ID="P303_SP00223" HPOS="143" VPOS="1219" WIDTH="20"/>
						<String ID="P303_ST00263" HPOS="163" VPOS="1187" WIDTH="113" HEIGHT="24" CONTENT="eilanden" WC="0.75" CC="02307006"/>
						<SP ID="P303_SP00224" HPOS="276" VPOS="1219" WIDTH="20"/>
						<String ID="P303_ST00264" HPOS="296" VPOS="1190" WIDTH="124" HEIGHT="21" CONTENT="stevenen." WC="0.69" CC="640007070"/>
						<SP ID="P303_SP00225" HPOS="420" VPOS="1219" WIDTH="34"/>
						<String ID="P303_ST00265" HPOS="454" VPOS="1186" WIDTH="134" HEIGHT="33" CONTENT="Eindelijk]" WC="0.78" CC="3300105006"/>
						<String ID="P303_ST00266" HPOS="594" VPOS="1188" WIDTH="21" HEIGHT="23" CONTENT="is" WC="0.60" CC="52"/>
						<SP ID="P303_SP00226" HPOS="615" VPOS="1219" WIDTH="17"/>
						<String ID="P303_ST00267" HPOS="632" VPOS="1187" WIDTH="49" HEIGHT="31" CONTENT="het," WC="0.56" CC="7054"/>
						<SP ID="P303_SP00227" HPOS="681" VPOS="1219" WIDTH="18"/>
						<String ID="P303_ST00268" HPOS="699" VPOS="1187" WIDTH="97" HEIGHT="24" CONTENT="helaas!" WC="0.77" CC="7060020"/>
					</TextLine>
					<TextLine ID="P303_TL00036" HPOS="86" VPOS="1226" WIDTH="713" HEIGHT="31">
						<String ID="P303_ST00269" HPOS="86" VPOS="1236" WIDTH="68" HEIGHT="16" CONTENT="waar" WC="0.84" CC="0006"/>
						<SP ID="P303_SP00228" HPOS="154" VPOS="1252" WIDTH="10"/>
						<String ID="P303_ST00270" HPOS="164" VPOS="1246" WIDTH="6" HEIGHT="11" CONTENT="," WC="1.00" CC="0"/>
						<SP ID="P303_SP00229" HPOS="170" VPOS="1257" WIDTH="18"/>
						<String ID="P303_ST00271" HPOS="188" VPOS="1235" WIDTH="30" HEIGHT="16" CONTENT="en" WC="0.63" CC="07"/>
						<SP ID="P303_SP00230" HPOS="218" VPOS="1257" WIDTH="17"/>
						<String ID="P303_ST00272" HPOS="235" VPOS="1226" WIDTH="25" HEIGHT="25" CONTENT="ik" WC="0.78" CC="40"/>
						<SP ID="P303_SP00231" HPOS="260" VPOS="1257" WIDTH="18"/>
						<String ID="P303_ST00273" HPOS="278" VPOS="1226" WIDTH="47" HEIGHT="24" CONTENT="heb" WC="0.77" CC="600"/>
						<SP ID="P303_SP00232" HPOS="325" VPOS="1257" WIDTH="23"/>
						<String ID="P303_ST00274" HPOS="348" VPOS="1227" WIDTH="41" HEIGHT="23" CONTENT="het" WC="0.70" CC="701"/>
						<SP ID="P303_SP00233" HPOS="389" VPOS="1257" WIDTH="17"/>
						<String ID="P303_ST00275" HPOS="406" VPOS="1230" WIDTH="50" HEIGHT="21" CONTENT="met" WC="0.91" CC="002"/>
						<SP ID="P303_SP00234" HPOS="456" VPOS="1257" WIDTH="14"/>
						<String ID="P303_ST00276" HPOS="470" VPOS="1227" WIDTH="72" HEIGHT="30" CONTENT="mijne" WC="0.77" CC="04060"/>
						<SP ID="P303_SP00235" HPOS="542" VPOS="1257" WIDTH="13"/>
						<String ID="P303_ST00277" HPOS="555" VPOS="1227" WIDTH="83" HEIGHT="30" CONTENT="eigene" WC="0.71" CC="009070"/>
						<SP ID="P303_SP00236" HPOS="638" VPOS="1257" WIDTH="13"/>
						<String ID="P303_ST00278" HPOS="651" VPOS="1235" WIDTH="80" HEIGHT="22" CONTENT="oogen" WC="0.86" CC="00007"/>
						<SP ID="P303_SP00237" HPOS="731" VPOS="1257" WIDTH="10"/>
						<String ID="P303_ST00279" HPOS="741" VPOS="1235" WIDTH="58" HEIGHT="16" CONTENT="aan-" WC="0.76" CC="0072"/>
					</TextLine>
				</TextBlock>
				<TextBlock ID="P303_TB00005" HPOS="866" VPOS="473" WIDTH="721" HEIGHT="745" STYLEREFS="TXT_0 PAR_LEFT">
					<TextLine ID="P303_TL00037" HPOS="906" VPOS="474" WIDTH="681" HEIGHT="33">
						<String ID="P303_ST00280" HPOS="906" VPOS="474" WIDTH="68" HEIGHT="30" CONTENT="„Het" WC="0.71" CC="4700"/>
						<SP ID="P303_SP00238" HPOS="974" VPOS="504" WIDTH="25"/>
						<String ID="P303_ST00281" HPOS="999" VPOS="474" WIDTH="20" HEIGHT="24" CONTENT="is" WC="0.35" CC="66"/>
						<SP ID="P303_SP00239" HPOS="1019" VPOS="504" WIDTH="22"/>
						<String ID="P303_ST00282" HPOS="1041" VPOS="475" WIDTH="46" HEIGHT="24" CONTENT='dus"' WC="0.70" CC="0407"/>
						<SP ID="P303_SP00240" HPOS="1087" VPOS="504" WIDTH="15"/>
						<String ID="P303_ST00283" HPOS="1102" VPOS="479" WIDTH="41" HEIGHT="20" CONTENT="ten" WC="0.77" CC="006"/>
						<SP ID="P303_SP00241" HPOS="1143" VPOS="504" WIDTH="20"/>
						<String ID="P303_ST00284" HPOS="1163" VPOS="476" WIDTH="88" HEIGHT="24" CONTENT="minste" WC="0.63" CC="062606"/>
						<SP ID="P303_SP00242" HPOS="1251" VPOS="504" WIDTH="20"/>
						<String ID="P303_ST00285" HPOS="1271" VPOS="477" WIDTH="70" HEIGHT="30" CONTENT="mijns" WC="0.69" CC="03226"/>
						<SP ID="P303_SP00243" HPOS="1341" VPOS="507" WIDTH="18"/>
						<String ID="P303_ST00286" HPOS="1359" VPOS="477" WIDTH="93" HEIGHT="24" CONTENT="inziens" WC="0.73" CC="2700026"/>
						<SP ID="P303_SP00244" HPOS="1452" VPOS="507" WIDTH="20"/>
						<String ID="P303_ST00287" HPOS="1472" VPOS="476" WIDTH="115" HEIGHT="24" CONTENT="bewezen" WC="0.79" CC="1000606"/>
					</TextLine>
					<TextLine ID="P303_TL00038" HPOS="873" VPOS="512" WIDTH="714" HEIGHT="34">
						<String ID="P303_ST00288" HPOS="873" VPOS="512" WIDTH="42" HEIGHT="23" CONTENT="dat" WC="0.85" CC="040"/>
						<SP ID="P303_SP00245" HPOS="915" VPOS="535" WIDTH="15"/>
						<String ID="P303_ST00289" HPOS="930" VPOS="521" WIDTH="56" HEIGHT="15" CONTENT="men" WC="1.00" CC="000"/>
						<SP ID="P303_SP00246" HPOS="986" VPOS="536" WIDTH="18"/>
						<String ID="P303_ST00290" HPOS="1004" VPOS="514" WIDTH="54" HEIGHT="24" CONTENT="hier" WC="0.69" CC="7005"/>
						<SP ID="P303_SP00247" HPOS="1058" VPOS="538" WIDTH="13"/>
						<String ID="P303_ST00291" HPOS="1071" VPOS="515" WIDTH="91" HEIGHT="24" CONTENT="slechts" WC="0.67" CC="5003706"/>
						<SP ID="P303_SP00248" HPOS="1162" VPOS="539" WIDTH="17"/>
						<String ID="P303_ST00292" HPOS="1179" VPOS="516" WIDTH="25" HEIGHT="23" CONTENT="in" WC="0.42" CC="46"/>
						<SP ID="P303_SP00249" HPOS="1204" VPOS="539" WIDTH="14"/>
						<String ID="P303_ST00293" HPOS="1218" VPOS="516" WIDTH="47" HEIGHT="24" CONTENT="den" WC="0.75" CC="007"/>
						<SP ID="P303_SP00250" HPOS="1265" VPOS="540" WIDTH="11"/>
						<String ID="P303_ST00294" HPOS="1276" VPOS="517" WIDTH="74" HEIGHT="23" CONTENT="mond" WC="0.82" CC="0070"/>
						<SP ID="P303_SP00251" HPOS="1350" VPOS="540" WIDTH="14"/>
						<String ID="P303_ST00295" HPOS="1364" VPOS="516" WIDTH="142" HEIGHT="30" CONTENT="chineesch," WC="0.69" CC="0765003070"/>
						<SP ID="P303_SP00252" HPOS="1506" VPOS="546" WIDTH="13"/>
						<String ID="P303_ST00296" HPOS="1519" VPOS="523" WIDTH="68" HEIGHT="16" CONTENT="maar" WC="0.91" CC="0003"/>
					</TextLine>
					<TextLine ID="P303_TL00039" HPOS="871" VPOS="551" WIDTH="716" HEIGHT="35">
						<String ID="P303_ST00297" HPOS="871" VPOS="551" WIDTH="138" HEIGHT="25" CONTENT="inderdaad" WC="0.68" CC="530000990"/>
						<SP ID="P303_SP00253" HPOS="1009" VPOS="576" WIDTH="26"/>
						<String ID="P303_ST00298" HPOS="1035" VPOS="553" WIDTH="123" HEIGHT="31" CONTENT="japansch" WC="0.66" CC="00066607"/>
						<SP ID="P303_SP00254" HPOS="1158" VPOS="584" WIDTH="32"/>
						<String ID="P303_ST00299" HPOS="1190" VPOS="555" WIDTH="33" HEIGHT="29" CONTENT="is;" WC="0.60" CC="470"/>
						<SP ID="P303_SP00255" HPOS="1223" VPOS="584" WIDTH="31"/>
						<String ID="P303_ST00300" HPOS="1254" VPOS="563" WIDTH="30" HEIGHT="16" CONTENT="en" WC="0.92" CC="10"/>
						<SP ID="P303_SP00256" HPOS="1284" VPOS="584" WIDTH="29"/>
						<String ID="P303_ST00301" HPOS="1313" VPOS="556" WIDTH="30" HEIGHT="23" CONTENT="de" WC="1.00" CC="00"/>
						<SP ID="P303_SP00257" HPOS="1343" VPOS="584" WIDTH="32"/>
						<String ID="P303_ST00302" HPOS="1375" VPOS="555" WIDTH="142" HEIGHT="31" CONTENT="verklaring" WC="0.82" CC="0000004470"/>
						<SP ID="P303_SP00258" HPOS="1517" VPOS="586" WIDTH="21"/>
						<String ID="P303_ST00303" HPOS="1538" VPOS="554" WIDTH="49" HEIGHT="24" CONTENT="kan" WC="0.78" CC="006"/>
					</TextLine>
					<TextLine ID="P303_TL00040" HPOS="871" VPOS="590" WIDTH="716" HEIGHT="36">
						<String ID="P303_ST00304" HPOS="871" VPOS="590" WIDTH="26" HEIGHT="23" CONTENT="in" WC="0.70" CC="50"/>
						<SP ID="P303_SP00259" HPOS="897" VPOS="613" WIDTH="37"/>
						<String ID="P303_ST00305" HPOS="934" VPOS="591" WIDTH="29" HEIGHT="23" CONTENT="de" WC="1.00" CC="00"/>
						<SP ID="P303_SP00260" HPOS="963" VPOS="614" WIDTH="34"/>
						<String ID="P303_ST00306" HPOS="997" VPOS="593" WIDTH="121" HEIGHT="30" CONTENT="volgende" WC="0.70" CC="90302007"/>
						<SP ID="P303_SP00261" HPOS="1118" VPOS="623" WIDTH="35"/>
						<String ID="P303_ST00307" HPOS="1153" VPOS="594" WIDTH="120" HEIGHT="23" CONTENT="woorden" WC="0.78" CC="0040027"/>
						<SP ID="P303_SP00262" HPOS="1273" VPOS="623" WIDTH="28"/>
						<String ID="P303_ST00308" HPOS="1301" VPOS="595" WIDTH="103" HEIGHT="23" CONTENT="worden" WC="0.87" CC="040002"/>
						<SP ID="P303_SP00263" HPOS="1404" VPOS="623" WIDTH="29"/>
						<String ID="P303_ST00309" HPOS="1433" VPOS="598" WIDTH="154" HEIGHT="28" CONTENT="zaamgevat." WC="0.85" CC="3050000041"/>
					</TextLine>
					<TextLine ID="P303_TL00041" HPOS="872" VPOS="630" WIDTH="715" HEIGHT="34">
						<String ID="P303_ST00310" HPOS="872" VPOS="630" WIDTH="73" HEIGHT="24" CONTENT="Toen" WC="0.89" CC="0003"/>
						<SP ID="P303_SP00264" HPOS="945" VPOS="654" WIDTH="18"/>
						<String ID="P303_ST00311" HPOS="963" VPOS="631" WIDTH="30" HEIGHT="23" CONTENT="de" WC="1.00" CC="00"/>
						<SP ID="P303_SP00265" HPOS="993" VPOS="654" WIDTH="20"/>
						<String ID="P303_ST00312" HPOS="1013" VPOS="633" WIDTH="128" HEIGHT="23" CONTENT="befaamde" WC="0.71" CC="70005603"/>
						<SP ID="P303_SP00266" HPOS="1141" VPOS="656" WIDTH="17"/>
						<String ID="P303_ST00313" HPOS="1158" VPOS="634" WIDTH="137" HEIGHT="30" CONTENT="japansche" WC="0.83" CC="230001060"/>
						<SP ID="P303_SP00267" HPOS="1295" VPOS="664" WIDTH="17"/>
						<String ID="P303_ST00314" HPOS="1312" VPOS="634" WIDTH="82" HEIGHT="23" CONTENT="keizer" WC="0.81" CC="005500"/>
						<SP ID="P303_SP00268" HPOS="1394" VPOS="664" WIDTH="13"/>
						<String ID="P303_ST00315" HPOS="1407" VPOS="641" WIDTH="180" HEIGHT="22" CONTENT="tayko-sama," WC="0.60" CC="00592050990"/>
					</TextLine>
					<TextLine ID="P303_TL00042" HPOS="872" VPOS="670" WIDTH="715" HEIGHT="33">
						<String ID="P303_ST00316" HPOS="872" VPOS="670" WIDTH="30" HEIGHT="23" CONTENT="de" WC="1.00" CC="00"/>
						<SP ID="P303_SP00269" HPOS="902" VPOS="693" WIDTH="14"/>
						<String ID="P303_ST00317" HPOS="916" VPOS="674" WIDTH="88" HEIGHT="27" CONTENT="groote" WC="0.91" CC="040001"/>
						<SP ID="P303_SP00270" HPOS="1004" VPOS="701" WIDTH="10"/>
						<String ID="P303_ST00318" HPOS="1014" VPOS="673" WIDTH="132" HEIGHT="30" CONTENT="vervolger" WC="0.65" CC="065656000"/>
						<SP ID="P303_SP00271" HPOS="1146" VPOS="703" WIDTH="12"/>
						<String ID="P303_ST00319" HPOS="1158" VPOS="673" WIDTH="43" HEIGHT="23" CONTENT="des" WC="0.77" CC="006"/>
						<SP ID="P303_SP00272" HPOS="1201" VPOS="703" WIDTH="14"/>
						<String ID="P303_ST00320" HPOS="1215" VPOS="673" WIDTH="197" HEIGHT="30" CONTENT="Christendoms," WC="0.63" CC="3157653701050"/>
						<SP ID="P303_SP00273" HPOS="1412" VPOS="703" WIDTH="14"/>
						<String ID="P303_ST00321" HPOS="1426" VPOS="674" WIDTH="75" HEIGHT="24" CONTENT="China" WC="1.00" CC="00000"/>
						<SP ID="P303_SP00274" HPOS="1501" VPOS="703" WIDTH="12"/>
						<String ID="P303_ST00322" HPOS="1513" VPOS="674" WIDTH="74" HEIGHT="24" CONTENT="wilde" WC="0.93" CC="03000"/>
					</TextLine>
					<TextLine ID="P303_TL00043" HPOS="871" VPOS="710" WIDTH="716" HEIGHT="34">
						<String ID="P303_ST00323" HPOS="871" VPOS="710" WIDTH="167" HEIGHT="31" CONTENT="beoorlogen," WC="0.78" CC="60230030170"/>
						<SP ID="P303_SP00275" HPOS="1038" VPOS="741" WIDTH="23"/>
						<String ID="P303_ST00324" HPOS="1061" VPOS="711" WIDTH="132" HEIGHT="31" CONTENT="beproefde" WC="0.56" CC="600915906"/>
						<SP ID="P303_SP00276" HPOS="1193" VPOS="742" WIDTH="26"/>
						<String ID="P303_ST00325" HPOS="1219" VPOS="713" WIDTH="32" HEIGHT="30" CONTENT="hij" WC="0.58" CC="750"/>
						<SP ID="P303_SP00277" HPOS="1251" VPOS="743" WIDTH="20"/>
						<String ID="P303_ST00326" HPOS="1271" VPOS="713" WIDTH="46" HEIGHT="23" CONTENT="den" WC="0.71" CC="052"/>
						<SP ID="P303_SP00278" HPOS="1317" VPOS="743" WIDTH="20"/>
						<String ID="P303_ST00327" HPOS="1337" VPOS="712" WIDTH="95" HEIGHT="32" CONTENT="koning" WC="0.78" CC="000470"/>
						<SP ID="P303_SP00279" HPOS="1432" VPOS="744" WIDTH="19"/>
						<String ID="P303_ST00328" HPOS="1451" VPOS="714" WIDTH="43" HEIGHT="23" CONTENT="der" WC="0.87" CC="012"/>
						<SP ID="P303_SP00280" HPOS="1494" VPOS="744" WIDTH="22"/>
						<String ID="P303_ST00329" HPOS="1516" VPOS="714" WIDTH="71" HEIGHT="24" CONTENT="Lioe" SUBS_TYPE="HypPart1" SUBS_CONTENT="Lioekioe-Eilanden" WC="0.70" CC="90050"/>
						<HYP CONTENT="-"/>
					</TextLine>
					<TextLine ID="P303_TL00044" HPOS="871" VPOS="750" WIDTH="716" HEIGHT="34">
						<String ID="P303_ST00330" HPOS="871" VPOS="750" WIDTH="185" HEIGHT="24" CONTENT="kioe-Eilanden" SUBS_TYPE="HypPart2" SUBS_CONTENT="Lioekioe-Eilanden" WC="0.63" CC="9000090260099"/>
						<SP ID="P303_SP00281" HPOS="1056" VPOS="774" WIDTH="20"/>
						<String ID="P303_ST00331" HPOS="1076" VPOS="758" WIDTH="62" HEIGHT="16" CONTENT="voor" WC="0.65" CC="0409"/>
						<SP ID="P303_SP00282" HPOS="1138" VPOS="774" WIDTH="12"/>
						<String ID="P303_ST00332" HPOS="1150" VPOS="751" WIDTH="54" HEIGHT="23" CONTENT="zich" WC="0.32" CC="4777"/>
						<SP ID="P303_SP00283" HPOS="1204" VPOS="774" WIDTH="19"/>
						<String ID="P303_ST00333" HPOS="1223" VPOS="755" WIDTH="22" HEIGHT="19" CONTENT="te" WC="0.83" CC="03"/>
						<SP ID="P303_SP00284" HPOS="1245" VPOS="774" WIDTH="15"/>
						<String ID="P303_ST00334" HPOS="1260" VPOS="752" WIDTH="104" HEIGHT="23" CONTENT="winnen." WC="0.70" CC="0075070"/>
						<SP ID="P303_SP00285" HPOS="1364" VPOS="775" WIDTH="19"/>
						<String ID="P303_ST00335" HPOS="1383" VPOS="752" WIDTH="68" HEIGHT="24" CONTENT="Deze" WC="0.76" CC="5030"/>
						<SP ID="P303_SP00286" HPOS="1451" VPOS="776" WIDTH="10"/>
						<String ID="P303_ST00336" HPOS="1461" VPOS="753" WIDTH="126" HEIGHT="31" CONTENT="weigerde" WC="0.89" CC="80000000"/>
					</TextLine>
					<TextLine ID="P303_TL00045" HPOS="872" VPOS="789" WIDTH="715" HEIGHT="35">
						<String ID="P303_ST00337" HPOS="872" VPOS="789" WIDTH="37" HEIGHT="24" CONTENT="dit" WC="0.85" CC="040"/>
						<SP ID="P303_SP00287" HPOS="909" VPOS="813" WIDTH="22"/>
						<String ID="P303_ST00338" HPOS="931" VPOS="789" WIDTH="51" HEIGHT="24" CONTENT="niet" WC="0.75" CC="5400"/>
						<SP ID="P303_SP00288" HPOS="982" VPOS="813" WIDTH="18"/>
						<String ID="P303_ST00339" HPOS="1000" VPOS="790" WIDTH="89" HEIGHT="31" CONTENT="alleen," WC="0.79" CC="0742000"/>
						<SP ID="P303_SP00289" HPOS="1089" VPOS="821" WIDTH="18"/>
						<String ID="P303_ST00340" HPOS="1107" VPOS="799" WIDTH="68" HEIGHT="15" CONTENT="maar" WC="0.60" CC="5009"/>
						<SP ID="P303_SP00290" HPOS="1175" VPOS="821" WIDTH="21"/>
						<String ID="P303_ST00341" HPOS="1196" VPOS="791" WIDTH="85" HEIGHT="23" CONTENT="deelde" WC="1.00" CC="000000"/>
						<SP ID="P303_SP00291" HPOS="1281" VPOS="821" WIDTH="20"/>
						<String ID="P303_ST00342" HPOS="1301" VPOS="792" WIDTH="40" HEIGHT="23" CONTENT="het" WC="0.77" CC="600"/>
						<SP ID="P303_SP00292" HPOS="1341" VPOS="821" WIDTH="18"/>
						<String ID="P303_ST00343" HPOS="1359" VPOS="792" WIDTH="47" HEIGHT="24" CONTENT="hof" WC="0.75" CC="700"/>
						<SP ID="P303_SP00293" HPOS="1406" VPOS="821" WIDTH="13"/>
						<String ID="P303_ST00344" HPOS="1419" VPOS="800" WIDTH="48" HEIGHT="16" CONTENT="van" WC="0.88" CC="003"/>
						<SP ID="P303_SP00294" HPOS="1467" VPOS="821" WIDTH="20"/>
						<String ID="P303_ST00345" HPOS="1487" VPOS="793" WIDTH="100" HEIGHT="31" CONTENT="Pe-king" WC="0.95" CC="0030000"/>
					</TextLine>
					<TextLine ID="P303_TL00046" HPOS="872" VPOS="829" WIDTH="715" HEIGHT="32">
						<String ID="P303_ST00346" HPOS="872" VPOS="830" WIDTH="30" HEIGHT="23" CONTENT="de" WC="1.00" CC="00"/>
						<SP ID="P303_SP00295" HPOS="902" VPOS="853" WIDTH="22"/>
						<String ID="P303_ST00347" HPOS="924" VPOS="829" WIDTH="149" HEIGHT="32" CONTENT="raadslagen" WC="0.82" CC="0000026008"/>
						<SP ID="P303_SP00296" HPOS="1073" VPOS="861" WIDTH="23"/>
						<String ID="P303_ST00348" HPOS="1096" VPOS="831" WIDTH="43" HEIGHT="23" CONTENT="des" WC="0.91" CC="002"/>
						<SP ID="P303_SP00297" HPOS="1139" VPOS="861" WIDTH="19"/>
						<String ID="P303_ST00349" HPOS="1158" VPOS="829" WIDTH="133" HEIGHT="32" CONTENT="sjoogoens" WC="0.88" CC="001000016"/>
						<SP ID="P303_SP00298" HPOS="1291" VPOS="861" WIDTH="26"/>
						<String ID="P303_ST00350" HPOS="1317" VPOS="832" WIDTH="78" HEIGHT="23" CONTENT="mede." WC="1.00" CC="00000"/>
						<SP ID="P303_SP00299" HPOS="1395" VPOS="861" WIDTH="34"/>
						<String ID="P303_ST00351" HPOS="1429" VPOS="832" WIDTH="46" HEIGHT="23" CONTENT="Uit" WC="0.81" CC="140"/>
						<SP ID="P303_SP00300" HPOS="1475" VPOS="861" WIDTH="24"/>
						<String ID="P303_ST00352" HPOS="1499" VPOS="833" WIDTH="88" HEIGHT="24" CONTENT="wraak" WC="0.76" CC="02090"/>
					</TextLine>
					<TextLine ID="P303_TL00047" HPOS="871" VPOS="870" WIDTH="715" HEIGHT="33">
						<String ID="P303_ST00353" HPOS="871" VPOS="870" WIDTH="115" HEIGHT="23" CONTENT="hierover" WC="0.82" CC="72030000"/>
						<SP ID="P303_SP00301" HPOS="986" VPOS="893" WIDTH="18"/>
						<String ID="P303_ST00354" HPOS="1004" VPOS="870" WIDTH="92" HEIGHT="23" CONTENT="landde" WC="0.65" CC="806005"/>
						<SP ID="P303_SP00302" HPOS="1096" VPOS="893" WIDTH="24"/>
						<String ID="P303_ST00355" HPOS="1120" VPOS="870" WIDTH="29" HEIGHT="23" CONTENT="de" WC="0.94" CC="01"/>
						<SP ID="P303_SP00303" HPOS="1149" VPOS="893" WIDTH="21"/>
						<String ID="P303_ST00356" HPOS="1170" VPOS="877" WIDTH="63" HEIGHT="16" CONTENT="zoon" WC="0.71" CC="3403"/>
						<SP ID="P303_SP00304" HPOS="1233" VPOS="893" WIDTH="14"/>
						<String ID="P303_ST00357" HPOS="1247" VPOS="878" WIDTH="49" HEIGHT="15" CONTENT="van" WC="0.78" CC="006"/>
						<SP ID="P303_SP00305" HPOS="1296" VPOS="893" WIDTH="18"/>
						<String ID="P303_ST00358" HPOS="1314" VPOS="877" WIDTH="171" HEIGHT="18" CONTENT="tayko-sama" WC="0.80" CC="0060003090"/>
						<SP ID="P303_SP00306" HPOS="1485" VPOS="895" WIDTH="18"/>
						<String ID="P303_ST00359" HPOS="1503" VPOS="880" WIDTH="31" HEIGHT="23" CONTENT="op" WC="1.00" CC="00"/>
						<SP ID="P303_SP00307" HPOS="1534" VPOS="903" WIDTH="21"/>
						<String ID="P303_ST00360" HPOS="1555" VPOS="873" WIDTH="31" HEIGHT="23" CONTENT="de" WC="1.00" CC="00"/>
					</TextLine>
					<TextLine ID="P303_TL00048" HPOS="870" VPOS="909" WIDTH="714" HEIGHT="31">
						<String ID="P303_ST00361" HPOS="870" VPOS="909" WIDTH="89" HEIGHT="23" CONTENT="kusten" WC="0.58" CC="046607"/>
						<SP ID="P303_SP00308" HPOS="959" VPOS="932" WIDTH="29"/>
						<String ID="P303_ST00362" HPOS="988" VPOS="917" WIDTH="48" HEIGHT="15" CONTENT="van" WC="0.42" CC="097"/>
						<SP ID="P303_SP00309" HPOS="1036" VPOS="932" WIDTH="29"/>
						<String ID="P303_ST00363" HPOS="1065" VPOS="910" WIDTH="47" HEIGHT="22" CONTENT="den" WC="0.75" CC="007"/>
						<SP ID="P303_SP00310" HPOS="1112" VPOS="932" WIDTH="25"/>
						<String ID="P303_ST00364" HPOS="1137" VPOS="910" WIDTH="123" HEIGHT="30" CONTENT="archipel," WC="0.87" CC="000730000"/>
						<SP ID="P303_SP00311" HPOS="1260" VPOS="940" WIDTH="30"/>
						<String ID="P303_ST00365" HPOS="1290" VPOS="915" WIDTH="148" HEIGHT="20" CONTENT="verwoestte" WC="0.86" CC="0000026500"/>
						<SP ID="P303_SP00312" HPOS="1438" VPOS="940" WIDTH="29"/>
						<String ID="P303_ST00366" HPOS="1467" VPOS="911" WIDTH="60" HEIGHT="25" CONTENT="alles" WC="0.77" CC="05410"/>
						<SP ID="P303_SP00313" HPOS="1527" VPOS="940" WIDTH="27"/>
						<String ID="P303_ST00367" HPOS="1554" VPOS="920" WIDTH="30" HEIGHT="17" CONTENT="en" WC="0.53" CC="35"/>
					</TextLine>
					<TextLine ID="P303_TL00049" HPOS="870" VPOS="949" WIDTH="715" HEIGHT="34">
						<String ID="P303_ST00368" HPOS="870" VPOS="949" WIDTH="91" HEIGHT="23" CONTENT="voerde" WC="0.79" CC="000407"/>
						<SP ID="P303_SP00314" HPOS="961" VPOS="972" WIDTH="22"/>
						<String ID="P303_ST00369" HPOS="983" VPOS="949" WIDTH="47" HEIGHT="23" CONTENT="den" WC="0.86" CC="004"/>
						<SP ID="P303_SP00315" HPOS="1030" VPOS="972" WIDTH="17"/>
						<String ID="P303_ST00370" HPOS="1047" VPOS="949" WIDTH="93" HEIGHT="31" CONTENT="koning" WC="0.88" CC="000070"/>
						<SP ID="P303_SP00316" HPOS="1140" VPOS="980" WIDTH="20"/>
						<String ID="P303_ST00371" HPOS="1160" VPOS="957" WIDTH="130" HEIGHT="24" CONTENT="gevangen" WC="0.94" CC="00004000"/>
						<SP ID="P303_SP00317" HPOS="1290" VPOS="981" WIDTH="17"/>
						<String ID="P303_ST00372" HPOS="1307" VPOS="951" WIDTH="78" HEIGHT="23" CONTENT="mede." WC="0.98" CC="00000"/>
						<SP ID="P303_SP00318" HPOS="1385" VPOS="981" WIDTH="35"/>
						<String ID="P303_ST00373" HPOS="1420" VPOS="951" WIDTH="77" HEIGHT="24" CONTENT="Twee" WC="1.00" CC="0000"/>
						<SP ID="P303_SP00319" HPOS="1497" VPOS="981" WIDTH="14"/>
						<String ID="P303_ST00374" HPOS="1511" VPOS="953" WIDTH="74" HEIGHT="30" CONTENT="jaren" WC="0.66" CC="25017"/>
					</TextLine>
					<TextLine ID="P303_TL00050" HPOS="869" VPOS="987" WIDTH="716" HEIGHT="34">
						<String ID="P303_ST00375" HPOS="869" VPOS="987" WIDTH="62" HEIGHT="25" CONTENT="later" WC="0.80" CC="08000"/>
						<SP ID="P303_SP00320" HPOS="931" VPOS="1012" WIDTH="26"/>
						<String ID="P303_ST00376" HPOS="957" VPOS="988" WIDTH="116" HEIGHT="32" CONTENT="erlangde" WC="0.77" CC="05007004"/>
						<SP ID="P303_SP00321" HPOS="1073" VPOS="1020" WIDTH="27"/>
						<String ID="P303_ST00377" HPOS="1100" VPOS="989" WIDTH="58" HEIGHT="23" CONTENT="deze" WC="0.88" CC="0040"/>
						<SP ID="P303_SP00322" HPOS="1158" VPOS="1020" WIDTH="27"/>
						<String ID="P303_ST00378" HPOS="1185" VPOS="990" WIDTH="82" HEIGHT="23" CONTENT="weder" WC="0.89" CC="00041"/>
						<SP ID="P303_SP00323" HPOS="1267" VPOS="1020" WIDTH="17"/>
						<String ID="P303_ST00379" HPOS="1284" VPOS="989" WIDTH="62" HEIGHT="31" CONTENT="zijne" WC="0.80" CC="20070"/>
						<SP ID="P303_SP00324" HPOS="1346" VPOS="1020" WIDTH="21"/>
						<String ID="P303_ST00380" HPOS="1367" VPOS="991" WIDTH="105" HEIGHT="30" CONTENT="vrijheid" WC="0.76" CC="05106040"/>
						<String ID="P303_ST00381" HPOS="1482" VPOS="1010" WIDTH="6" HEIGHT="11" CONTENT="," WC="1.00" CC="0"/>
						<SP ID="P303_SP00325" HPOS="1488" VPOS="1021" WIDTH="17"/>
						<String ID="P303_ST00382" HPOS="1505" VPOS="999" WIDTH="80" HEIGHT="18" CONTENT="waar" SUBS_TYPE="HypPart1" SUBS_CONTENT="waarschijnlijk" WC="0.88" CC="02003"/>
						<HYP CONTENT="-"/>
					</TextLine>
					<TextLine ID="P303_TL00051" HPOS="869" VPOS="1028" WIDTH="717" HEIGHT="35">
						<String ID="P303_ST00383" HPOS="869" VPOS="1028" WIDTH="123" HEIGHT="31" CONTENT="schijnlijk" SUBS_TYPE="HypPart2" SUBS_CONTENT="waarschijnlijk" WC="0.68" CC="6065060500"/>
						<SP ID="P303_SP00326" HPOS="992" VPOS="1059" WIDTH="27"/>
						<String ID="P303_ST00384" HPOS="1019" VPOS="1028" WIDTH="36" HEIGHT="24" CONTENT="als" WC="0.75" CC="051"/>
						<SP ID="P303_SP00327" HPOS="1055" VPOS="1059" WIDTH="21"/>
						<String ID="P303_ST00385" HPOS="1076" VPOS="1028" WIDTH="124" HEIGHT="31" CONTENT="japansch" WC="0.79" CC="00007207"/>
						<SP ID="P303_SP00328" HPOS="1200" VPOS="1059" WIDTH="24"/>
						<String ID="P303_ST00386" HPOS="1224" VPOS="1030" WIDTH="128" HEIGHT="30" CONTENT="leenman," WC="0.71" CC="70070043"/>
						<SP ID="P303_SP00329" HPOS="1352" VPOS="1060" WIDTH="19"/>
						<String ID="P303_ST00387" HPOS="1371" VPOS="1031" WIDTH="89" HEIGHT="31" CONTENT="terwijl" WC="0.82" CC="0310500"/>
						<SP ID="P303_SP00330" HPOS="1460" VPOS="1062" WIDTH="17"/>
						<String ID="P303_ST00388" HPOS="1477" VPOS="1031" WIDTH="109" HEIGHT="32" CONTENT="uiterlijk" WC="0.67" CC="400047805"/>
					</TextLine>
					<TextLine ID="P303_TL00052" HPOS="869" VPOS="1068" WIDTH="713" HEIGHT="35">
						<String ID="P303_ST00389" HPOS="869" VPOS="1068" WIDTH="29" HEIGHT="23" CONTENT="de" WC="1.00" CC="00"/>
						<SP ID="P303_SP00331" HPOS="898" VPOS="1091" WIDTH="21"/>
						<String ID="P303_ST00390" HPOS="919" VPOS="1068" WIDTH="214" HEIGHT="31" CONTENT="afhankelijkheid" WC="0.79" CC="006062500006010"/>
						<SP ID="P303_SP00332" HPOS="1133" VPOS="1099" WIDTH="21"/>
						<String ID="P303_ST00391" HPOS="1154" VPOS="1077" WIDTH="47" HEIGHT="15" CONTENT="van" WC="0.69" CC="026"/>
						<SP ID="P303_SP00333" HPOS="1201" VPOS="1099" WIDTH="24"/>
						<String ID="P303_ST00392" HPOS="1225" VPOS="1069" WIDTH="74" HEIGHT="24" CONTENT="China" WC="0.59" CC="60049"/>
						<SP ID="P303_SP00334" HPOS="1299" VPOS="1099" WIDTH="13"/>
						<String ID="P303_ST00393" HPOS="1312" VPOS="1070" WIDTH="69" HEIGHT="23" CONTENT="bleef" WC="0.81" CC="60300"/>
						<SP ID="P303_SP00335" HPOS="1381" VPOS="1099" WIDTH="7"/>
						<String ID="P303_ST00394" HPOS="1388" VPOS="1070" WIDTH="111" HEIGHT="31" CONTENT="bestaan," WC="0.76" CC="01450070"/>
						<SP ID="P303_SP00336" HPOS="1499" VPOS="1101" WIDTH="10"/>
						<String ID="P303_ST00395" HPOS="1509" VPOS="1074" WIDTH="73" HEIGHT="29" CONTENT="tegen" WC="0.86" CC="00007"/>
					</TextLine>
					<TextLine ID="P303_TL00053" HPOS="867" VPOS="1108" WIDTH="715" HEIGHT="31">
						<String ID="P303_ST00396" HPOS="867" VPOS="1108" WIDTH="65" HEIGHT="23" CONTENT="wien" WC="0.91" CC="0003"/>
						<SP ID="P303_SP00337" HPOS="932" VPOS="1131" WIDTH="26"/>
						<String ID="P303_ST00397" HPOS="958" VPOS="1108" WIDTH="30" HEIGHT="23" CONTENT="de" WC="0.68" CC="60"/>
						<SP ID="P303_SP00338" HPOS="988" VPOS="1131" WIDTH="20"/>
						<String ID="P303_ST00398" HPOS="1008" VPOS="1108" WIDTH="94" HEIGHT="31" CONTENT="koning" WC="0.52" CC="047079"/>
						<SP ID="P303_SP00339" HPOS="1102" VPOS="1139" WIDTH="17"/>
						<String ID="P303_ST00399" HPOS="1119" VPOS="1116" WIDTH="48" HEIGHT="16" CONTENT="van" WC="0.50" CC="931"/>
						<SP ID="P303_SP00340" HPOS="1167" VPOS="1139" WIDTH="21"/>
						<String ID="P303_ST00400" HPOS="1188" VPOS="1109" WIDTH="121" HEIGHT="24" CONTENT="Lioe-kioe" WC="0.72" CC="004900009"/>
						<SP ID="P303_SP00341" HPOS="1309" VPOS="1139" WIDTH="23"/>
						<String ID="P303_ST00401" HPOS="1332" VPOS="1109" WIDTH="62" HEIGHT="24" CONTENT="niets" WC="0.76" CC="03043"/>
						<SP ID="P303_SP00342" HPOS="1394" VPOS="1139" WIDTH="22"/>
						<String ID="P303_ST00402" HPOS="1416" VPOS="1110" WIDTH="50" HEIGHT="24" CONTENT="kon" WC="0.68" CC="206"/>
						<SP ID="P303_SP00343" HPOS="1466" VPOS="1139" WIDTH="20"/>
						<String ID="P303_ST00403" HPOS="1486" VPOS="1111" WIDTH="96" HEIGHT="24" CONTENT="uitvoe" SUBS_TYPE="HypPart1" SUBS_CONTENT="uitvoeren" WC="0.66" CC="6048300"/>
						<HYP CONTENT="-"/>
					</TextLine>
					<TextLine ID="P303_TL00054" HPOS="866" VPOS="1147" WIDTH="716" HEIGHT="34">
						<String ID="P303_ST00404" HPOS="866" VPOS="1156" WIDTH="44" HEIGHT="15" CONTENT="ren" SUBS_TYPE="HypPart2" SUBS_CONTENT="uitvoeren" WC="0.67" CC="207"/>
						<SP ID="P303_SP00344" HPOS="910" VPOS="1171" WIDTH="27"/>
						<String ID="P303_ST00405" HPOS="937" VPOS="1156" WIDTH="29" HEIGHT="15" CONTENT="en" WC="0.65" CC="06"/>
						<SP ID="P303_SP00345" HPOS="966" VPOS="1171" WIDTH="26"/>
						<String ID="P303_ST00406" HPOS="992" VPOS="1147" WIDTH="30" HEIGHT="24" CONTENT="de" WC="1.00" CC="00"/>
						<SP ID="P303_SP00346" HPOS="1022" VPOS="1171" WIDTH="26"/>
						<String ID="P303_ST00407" HPOS="1048" VPOS="1148" WIDTH="82" HEIGHT="24" CONTENT="keizer" WC="0.81" CC="002502"/>
						<SP ID="P303_SP00347" HPOS="1130" VPOS="1172" WIDTH="21"/>
						<String ID="P303_ST00408" HPOS="1151" VPOS="1157" WIDTH="47" HEIGHT="15" CONTENT="van" WC="0.91" CC="002"/>
						<SP ID="P303_SP00348" HPOS="1198" VPOS="1172" WIDTH="20"/>
						<String ID="P303_ST00409" HPOS="1218" VPOS="1149" WIDTH="82" HEIGHT="31" CONTENT="Japan" WC="0.46" CC="09907"/>
						<SP ID="P303_SP00349" HPOS="1300" VPOS="1180" WIDTH="16"/>
						<String ID="P303_ST00410" HPOS="1316" VPOS="1149" WIDTH="69" HEIGHT="32" CONTENT="geen'" WC="0.80" CC="02070"/>
						<SP ID="P303_SP00350" HPOS="1385" VPOS="1181" WIDTH="16"/>
						<String ID="P303_ST00411" HPOS="1401" VPOS="1150" WIDTH="87" HEIGHT="31" CONTENT="oorlog" WC="0.59" CC="005449"/>
						<SP ID="P303_SP00351" HPOS="1488" VPOS="1181" WIDTH="20"/>
						<String ID="P303_ST00412" HPOS="1508" VPOS="1151" WIDTH="74" HEIGHT="24" CONTENT="wilde" WC="0.83" CC="02500"/>
					</TextLine>
					<TextLine ID="P303_TL00055" HPOS="868" VPOS="1188" WIDTH="168" HEIGHT="30">
						<String ID="P303_ST00413" HPOS="868" VPOS="1188" WIDTH="168" HEIGHT="30" CONTENT='aanvangen."' WC="0.79" CC="00600601700"/>
					</TextLine>
				</TextBlock>
				<TextBlock ID="P303_TB00006" HPOS="644" VPOS="1753" WIDTH="197" HEIGHT="23" STYLEREFS="TXT_1 PAR_LEFT">
					<TextLine ID="P303_TL00056" HPOS="747" VPOS="1754" WIDTH="94" HEIGHT="22">
						<String ID="P303_ST00414" HPOS="747" VPOS="1754" WIDTH="94" HEIGHT="22" CONTENT="■-jiiO'" WC="0.32" CC="1778786"/>
					</TextLine>
				</TextBlock>
			</PrintSpace>
		</Page>
	</Layout>
</alto>
